Annotation Guidelines,,,,,,,,,,,,,writing goal,,,creativity support tool annotations,,,,,,writing support tool annotations,,,,
author,title,name,year,isbn,publisher,url,doi,booktitle,series,journal,abstract,assigned to,part of writing process supported,level of constraint in goal being supported,size of goal being supported,user group,complexity of tool,evaluation type,# participants,criterion (open response),time spent writing w tool (per participant),exclusively about text,about collaboration,tool is contribution,technology used,notes
"Gero, Katy Ilonka and Chilton, Lydia B.",Metaphoria: An Algorithmic Companion for Metaphor Creation,Metaphoria,2019,9781450359702,Association for Computing Machinery,https://doi.org/10.1145/3290605.3300526,null,Proceedings of the 2019 CHI Conference on Human Factors in Computing Systems,null,null,"Creative writing, from poetry to journalism, is at the crux of human ingenuity and social interaction. Existing creative writing support tools produce entire passages or fully formed sentences, but these approaches fail to adapt to the writer's own ideas and intentions. Instead we posit to build tools that generate ideas coherent with the writer's context and encourage writers to produce divergent outcomes. To explore this, we focus on supporting metaphor creation. We present Metaphoria, an interactive system that generates metaphorical connections based on an input word from the writer. Our studies show that Metaphoria provides more coherent suggestions than existing systems, and supports the expression of writers' unique intentions. We discuss the complex issue of ownership in human-machine collaboration and how to build adaptive creativity support tools in other domains.",katy,planning/ideation,4,sentence,unspecified,low,quantitative,16,coherence to context and divergent outcomes,unspecified,yes,no,yes,templated-based generated text,
"Gero, Katy Ilonka and Chilton, Lydia B.",Metaphoria: An Algorithmic Companion for Metaphor Creation,Metaphoria,2019,9781450359702,Association for Computing Machinery,https://doi.org/10.1145/3290605.3300526,null,Proceedings of the 2019 CHI Conference on Human Factors in Computing Systems,null,null,"Creative writing, from poetry to journalism, is at the crux of human ingenuity and social interaction. Existing creative writing support tools produce entire passages or fully formed sentences, but these approaches fail to adapt to the writer's own ideas and intentions. Instead we posit to build tools that generate ideas coherent with the writer's context and encourage writers to produce divergent outcomes. To explore this, we focus on supporting metaphor creation. We present Metaphoria, an interactive system that generates metaphorical connections based on an input word from the writer. Our studies show that Metaphoria provides more coherent suggestions than existing systems, and supports the expression of writers' unique intentions. We discuss the complex issue of ownership in human-machine collaboration and how to build adaptive creativity support tools in other domains.",katy,planning/ideation,4,sentence,unspecified,low,qualitative,3,coherence to context and divergent outcomes,30 min,yes,no,yes,templated-based generated text,
"Gero, Katy Ilonka and Chilton, Lydia B.","How a Stylistic, Machine-Generated Thesaurus Impacts a Writer's Process",Style Thesaurus,2019,9781450359177,Association for Computing Machinery,https://doi.org/10.1145/3325480.3326573,10.1145/3325480.3326573,Proceedings of the 2019 on Creativity and Cognition,C&amp;C '19,null,"Writers regularly use a thesaurus to help them write well; the thesaurus is one of the few widespread writing support tools and many writers find it integral to their writing practice. A normal thesaurus is hand-crafted and structured around strict synonymy for a given word sense. However, writers rarely look for a perfectly synonymous word -- instead they have additional ideas or constraints, such as words that are less cliche, more specific, or less gendered. Poets describe their usage as searching for words that ""hold more interesting connotations."" We present a machine learning approach to thesaurus generation, using word embeddings, that leverages stylistically distinct corpora -- such as naturalist writing, novels by a particular author, or writing from a technical discipline. We show examples of how stylistic thesauruses differ from each other and from a regular thesaurus, as well as preliminary responses from two writers who are given multiple stylistic thesauruses. Writers describe these thesauruses as reflective of style, unique from each other, and more exploratory and associative than a regular thesaurus. They also describe an increased attention to connotation. We outline plans for quantitative evaluation of stylistic thesauruses, and user studies to understand their impact on specific tasks.",katy,planning/ideation,4,word,unspecified,low,qualitative,2,exploratory,unspecified,yes,no,yes,non-template-based generated text,
"Guarneri, Andrea and Ripamonti, Laura A. and Tissoni, Francesco and Trubian, Marco and Maggiorini, Dario and Gadia, Davide",GHOST: A GHOst STory-Writer,GHOST,2017,9781450352376,Association for Computing Machinery,https://doi.org/10.1145/3125571.3125580,10.1145/3125571.3125580,Proceedings of the 12th Biannual Conference on Italian SIGCHI Chapter,CHItaly '17,null,"Often, small independent studios developing video games are forced to ask game or level designers to write stories for their products. Unfortunately, game writing requires a different set of skills than game design. Moreover, there is a shortage of interactive tools devoted to help non-writers to (learn how to) create compelling storylines for interactive media like video games. Our goal has been to design, implement and test a tool embedded into a game engine to help non-writers to create stories (for video games). Our solution, designed with the help of domain-experts, does not generate contents, but interactively helps the user to produce a solid narrative structure for a story, to avoid falling into banality or creating boring, repetitive tales.",katy,planning/ideation,2,more than paragraph,novice,medium,quantitative,14,usability and usefulness,15 min,no,no,yes,other; support is about structuring a narrative,
"Gon\c{c}alves, Frederica and Caraban, Ana and Karapanos, Evangelos and Campos, Pedro",What Shall I Write Next? Subliminal and Supraliminal Priming as Triggers for Creative Writing,Liminal Triggers,2017,9781450352567,Association for Computing Machinery,https://doi.org/10.1145/3121283.3121294,10.1145/3121283.3121294,Proceedings of the European Conference on Cognitive Ergonomics 2017,ECCE 2017,null,"Creative writing requires the manipulation of language in demanding ways, as individuals attempt to uniquely express themselves. As a result, during creative writing people often experience the writer's block: a stress reaction that affects their ability to write. Addressing this problem, creativity support tools have been incorporating story prompts to instigate the creative process. However, such strategies distract the user from the writing task and impose cognitive load to get over the block. In this paper, we investigate subliminal priming as a novel technique to support creative writing. We developed a text-editor that provides conscious and unconscious textual hints during a writing task and explored its impact on user's self-experienced creativity. Results showed that participants in the subliminal condition experienced more loss of self-consciousness when compared to the control condition. Self-report data revealed higher loss of self-consciousness in the subliminal condition while the analysis of eye-tracking data and verbal-accounts revealed a stronger influence on people's thoughts during the supraliminal condition. We report our findings and conclude with insights for future research.",alex,implementation/translation,1,paragraph,casual,low,quantitative,14,creativity and flow impact,5 min,yes,no,yes,other; support is not about providing textual content,
"Huang, Chieh-Yang and Huang, Shih-Hong and Huang, Ting-Hao Kenneth",Heteroglossia: In-Situ Story Ideation with the Crowd,Heteroglossia,2020,9781450367080,Association for Computing Machinery,https://doi.org/10.1145/3313831.3376715,null,Proceedings of the 2020 CHI Conference on Human Factors in Computing Systems,null,null,"Ideation is essential for creative writing. Many authors struggle to come up with ideas throughout the writing process, yet modern writing tools fail to provide on-the-spot assistance for writers when they get stuck. This paper introduces Heteroglossia, an add-on for Google Docs that allows writers to elicit story ideas from the online crowd using their text editors. Writers can share snippets of their working drafts and ask the crowd to provide follow-up story ideas based on it. Heteroglossia employs a strategy called ""role play"", where each worker is assigned a fictional character in a story and asked to brainstorm plot ideas from that character's perspective. Our deployment with two experienced story writers shows that Heteroglossia is easy to use and can generate interesting ideas. Heteroglossia allows us to gain insight into how future technologies can be developed to support ideation in creative writing.",katy,planning/ideation,3,paragraph,unspecified,low,qualitative,2,how it would be used,unspecified (1000 words),yes,no,yes,crowdworkers,
"Osone, Hiroyuki and Lu, Jun-Li and Ochiai, Yoichi",BunCho: AI Supported Story Co-Creation via Unsupervised Multitask Learning to Increase Writers’ Creativity in Japanese,BunCho,2021,9781450380959,Association for Computing Machinery,https://doi.org/10.1145/3411763.3450391,null,Extended Abstracts of the 2021 CHI Conference on Human Factors in Computing Systems,null,null," Co-creation with artificial intelligence (AI) is an upcoming trend. However, less attention has been given to the construction of systems for Japanese novelists. In this study, we built “BunCho”, an AI supported story co-creation system in Japanese. BunCho’s AI is GPT-2 (an unsupervised multitask language model) trained using a large-scale dataset of Japanese web texts and novels. With BunCho, users can generate titles and synopses from keywords. Furthermore, we propose an interactive story co-creation AI system as a tabletop role-playing game. According to summative studies of writers (N=16) and readers (N=32), 69% writers enjoyed writing synopses with BunCho more than by themselves, and at least one of five common metrics were improved at objective evaluation, including creativity. In addition, 63% writers indicated that BunCho broadened their stories. BunCho showed paths to assist Japanese novelists in creating high-level and creative writing. ",katy,planning/ideation,1,word,novice,medium,qualitative + quantitative,16,"enjoyment, creativity",unspecified,yes,no,yes,large-scale language model,
"Osone, Hiroyuki and Lu, Jun-Li and Ochiai, Yoichi",BunCho: AI Supported Story Co-Creation via Unsupervised Multitask Learning to Increase Writers’ Creativity in Japanese,BunCho,2021,9781450380959,Association for Computing Machinery,https://doi.org/10.1145/3411763.3450391,null,Extended Abstracts of the 2021 CHI Conference on Human Factors in Computing Systems,null,null," Co-creation with artificial intelligence (AI) is an upcoming trend. However, less attention has been given to the construction of systems for Japanese novelists. In this study, we built “BunCho”, an AI supported story co-creation system in Japanese. BunCho’s AI is GPT-2 (an unsupervised multitask language model) trained using a large-scale dataset of Japanese web texts and novels. With BunCho, users can generate titles and synopses from keywords. Furthermore, we propose an interactive story co-creation AI system as a tabletop role-playing game. According to summative studies of writers (N=16) and readers (N=32), 69% writers enjoyed writing synopses with BunCho more than by themselves, and at least one of five common metrics were improved at objective evaluation, including creativity. In addition, 63% writers indicated that BunCho broadened their stories. BunCho showed paths to assist Japanese novelists in creating high-level and creative writing. ",katy,planning/ideation,1,unclear,novice,unclear,no evaluation,-,-,-,yes,no,yes,large-scale language model,
"Resch, Olaf and Yankova, Aglika",Open Knowledge Interface: A Digital Assistant to Support Students in Writing Academic Assignments,OKI,2019,9781450368520,Association for Computing Machinery,https://doi.org/10.1145/3340435.3342723,10.1145/3340435.3342723,Proceedings of the 1st ACM SIGSOFT International Workshop on Education through Advanced Software Engineering and Artificial Intelligence,EASEAI 2019,null,"In the course of their studies, the majority of students at German universities have to write a certain number of academic assignments as an essential part of the academic training in any degree program. This work presents some initial results of our research into the design, implementation and conceptual usage of OKI (Open Knowledge Interface) – a digital assistant intended to support students in writing academic assignments. The core aspects of assistance include project management, context-sensitive help in applying scientific methods and search in open access literature. OKI is a conversational chatbot running inside Telegram-Messenger and allowing an efficient mobile usage, and thus a flexible way of organizing users’ own time and workload. The Open Knowledge Interface project is funded by the German Federal Ministry of Education and Research within the Open Access Guideline, and runs from May 2018 to October 2019. This paper therefore is an attempt to describe some initial conceptual thoughts as well as preliminary results including first user experiences and a brief outlook on future work.",Charlotte,planning/ideation,1,writing experience,unspecified (university student),high,qualitative,13,unclear,unspecified,no,no,yes,"large-scale language model + text retrieved from unannotated, or automatically annotated, corpus",
"Clark, Elizabeth and Ross, Anne Spencer and Tan, Chenhao and Ji, Yangfeng and Smith, Noah A.",Creative Writing with a Machine in the Loop: Case Studies on Slogans and Stories,Stories,2018,9781450349451,Association for Computing Machinery,https://doi.org/10.1145/3172944.3172983,10.1145/3172944.3172983,23rd International Conference on Intelligent User Interfaces,IUI '18,null,"As the quality of natural language generated by artificial intelligence systems improves, writing interfaces can support interventions beyond grammar-checking and spell-checking, such as suggesting content to spark new ideas. To explore the possibility of machine-in-the-loop creative writing, we performed two case studies using two system prototypes, one for short story writing and one for slogan writing. Participants in our studies were asked to write with a machine in the loop or alone (control condition). They assessed their writing and experience through surveys and an open-ended interview. We collected additional assessments of the writing from Amazon Mechanical Turk crowdworkers. Our findings indicate that participants found the process fun and helpful and could envision use cases for future systems. At the same time, machine suggestions do not necessarily lead to better written artifacts. We therefore suggest novel natural language models and design choices that may better support creative writing.",katy,planning/ideation,1,sentence,unspecified,low,qualitative + quantitative,18,"enjoyment, utility, use cases, interaction, writing quality",unspecified,yes,no,yes,neural language model,
"Clark, Elizabeth and Ross, Anne Spencer and Tan, Chenhao and Ji, Yangfeng and Smith, Noah A.",Creative Writing with a Machine in the Loop: Case Studies on Slogans and Stories,Slogans,2018,9781450349451,Association for Computing Machinery,https://doi.org/10.1145/3172944.3172983,10.1145/3172944.3172983,23rd International Conference on Intelligent User Interfaces,IUI '18,null,"As the quality of natural language generated by artificial intelligence systems improves, writing interfaces can support interventions beyond grammar-checking and spell-checking, such as suggesting content to spark new ideas. To explore the possibility of machine-in-the-loop creative writing, we performed two case studies using two system prototypes, one for short story writing and one for slogan writing. Participants in our studies were asked to write with a machine in the loop or alone (control condition). They assessed their writing and experience through surveys and an open-ended interview. We collected additional assessments of the writing from Amazon Mechanical Turk crowdworkers. Our findings indicate that participants found the process fun and helpful and could envision use cases for future systems. At the same time, machine suggestions do not necessarily lead to better written artifacts. We therefore suggest novel natural language models and design choices that may better support creative writing.",katy,planning/ideation,4,sentence,unspecified,low,qualitative + quantitative,18,"enjoyment, utility, use cases, interaction, writing quality",unspecified,yes,no,yes,constrained language model,
"Wambsganss, Thiemo and Niklaus, Christina and Cetto, Matthias and S\""{o}llner, Matthias and Handschuh, Siegfried and Leimeister, Jan Marco",AL: An Adaptive Learning Support System for Argumentation Skills,AL,2020,9781450367080,Association for Computing Machinery,https://doi.org/10.1145/3313831.3376732,null,Proceedings of the 2020 CHI Conference on Human Factors in Computing Systems,null,null,"Recent advances in Natural Language Processing (NLP) bear the opportunity to analyze the argumentation quality of texts. This can be leveraged to provide students with individual and adaptive feedback in their personal learning journey. To test if individual feedback on students' argumentation will help them to write more convincing texts, we developed AL, an adaptive IT tool that provides students with feedback on the argumentation structure of a given text. We compared AL with 54 students to a proven argumentation support tool. We found students using AL wrote more convincing texts with better formal quality of argumentation compared to the ones using the traditional approach. The measured technology acceptance provided promising results to use this tool as a feedback application in different learning settings. The results suggest that learning applications based on NLP may have a beneficial use for developing better writing and reasoning for students in traditional learning settings.",alex,reviewing/evaluation,4,paragraph,unspecified,medium,qualitative + quantitative,54,quality of argument,30-40min,yes,no,yes,other; support is not about providing textual content,
"Tian, Sunny",Integrating Discussion and Summarization in Collaborative Writing,IDS,2020,9781450368193,Association for Computing Machinery,https://doi.org/10.1145/3334480.3381437,10.1145/3334480.3381437,Extended Abstracts of the 2020 CHI Conference on Human Factors in Computing Systems,CHI EA '20,null,"In many instances of collaborative writing, ideation and deliberation about what to write happen in a separate space from the actual document writing. However, having discussion and writing separated may result in a final document that has little connection to the discussion that came before. In this work, I build upon a hybrid discussion and document-writing tool called Wikum+ to allow groups to mix having discussions and summarizing those discussions in real-time, until the process results in a final document that incorporates and links all discussion points. I conduct a pilot study where a group used Wikum+ to collaboratively write a proposal, while a control group used a messaging platform along with Google Docs. From analyzing survey and interview results, I found preliminary evidence that Wikum+'s integration of discussion and summarization helped users be more organized as well as more inclusive of ideas in the final document. Wikum+ allowed for more light-weight coordination and iterative improvements through the incorporation of new ideas.",alex,planning/ideation,3,more than paragraph,novice,medium,qualitative + quantitative,12,"inclusiveness, outline coordination",30 min + 3 days,yes,yes,yes,other; support is not about providing textual content,
"Iqbal, Shamsi T. and Teevan, Jaime and Liebling, Dan and Thompson, Anne Loomis","Multitasking with Play Write, a Mobile Microproductivity Writing Tool",Play Write,2018,9781450359481,Association for Computing Machinery,https://doi.org/10.1145/3242587.3242611,10.1145/3242587.3242611,Proceedings of the 31st Annual ACM Symposium on User Interface Software and Technology,UIST '18,null,"Mobile devices offer people the opportunity to get useful tasks done during time previously thought to be unusable. Because mobile devices have small screens and are often used in divided attention scenarios, people are limited to using them for short, simple tasks; complex tasks like editing a document present significant challenges in this environment. In this paper we demonstrate how a complex task requiring focused attention can be adapted to the fragmented way people work while mobile by decomposing the task into smaller, simpler microtasks. We introduce Play Write, a microproductivity tool that allows people to edit Word documents from their phones via such microtasks. When participants used Play Write while simultaneously watching a video, we found that they strongly preferred its microtask-based editing approach to the traditional editing experience offered by Mobile Word. Play Write made participants feel more productive and less stressed, and they completed more edits with it. Our findings suggest microproductivity tools like Play Write can help people be productive in divided attention scenarios.",katy,implementation/translation,5,sentence,unspecified,low,qualitative + quantitative,16,multitasking performance,approx. 20 min,yes,no,yes,other; support is not about providing textual content,
"Hui, Julie S. and Gergle, Darren and Gerber, Elizabeth M.",IntroAssist: A Tool to Support Writing Introductory Help Requests,IntroAssist,2018,9781450356206,Association for Computing Machinery,https://doi.org/10.1145/3173574.3173596,null,Proceedings of the 2018 CHI Conference on Human Factors in Computing Systems,null,null,"Writing introductory help requests is a key part of develop-ing new professional connections, such as through email and other online messaging systems. This paper presents the design and an experimental evaluation of IntroAssist-a web-based tool that leverages cognitive apprenticeship in-structional methods to support writing introductory help requests through an expert-informed checklist, tagged peer examples, self-tagging, and suggested word limit. In a study of IntroAssist with novice entrepreneurs, we find that 1) expert raters consider help requests written with the tool as more effective, 2) participants are able to perform introduc-tory help seeking skills after the tool is removed, and 3) participants report being more likely to send help requests written with the tool. We present implications for the de-velopment of systems that support the initiation of profes-sional relationships.",katy,implementation/translation,3,more than paragraph,novice,medium,qualitative + quantitative,26,efficacy,10 min,yes,no,yes,written examples,
"Wu, Shaomei and Reynolds, Lindsay and Li, Xian and Guzm\'{a}n, Francisco",Design and Evaluation of a Social Media Writing Support Tool for People with Dyslexia,SMWS,2019,9781450359702,Association for Computing Machinery,https://doi.org/10.1145/3290605.3300746,null,Proceedings of the 2019 CHI Conference on Human Factors in Computing Systems,null,null,"People with dyslexia face challenges expressing themselves in writing on social networking sites (SNSs). Such challenges come from not only the technicality of writing, but also the self-representation aspect of sharing and communicating publicly on social networking sites such as Facebook. To empower people with dyslexia-style writing to express them-selves more confidently on SNSs, we designed and implemented Additional Writing Help(AWH) - a writing assistance tool to proofread text produced by users with dyslexia before they post on Facebook. AWH was powered by a neural machine translation (NMT) model that translates dyslexia style to non-dyslexia style writing. We evaluated the performance and the design of AWH through a week-long field study with 19 people with dyslexia and received highly positive feedback. Our field study demonstrated the value of providing better and more extensive writing support on SNSs, and the potential of AI for building a more inclusive Internet.",alex,implementation/translation,5,paragraph,novice,low,qualitative + quantitative,19,self-reported helfpulness,1 week,yes,no,yes,non-template-based generated text,
"Garbe, Jacob and Kreminski, Max and Samuel, Ben and Wardrip-Fruin, Noah and Mateas, Michael",StoryAssembler: An Engine for Generating Dynamic Choice-Driven Narratives,StoryAssembler,2019,9781450372176,Association for Computing Machinery,https://doi.org/10.1145/3337722.3337732,10.1145/3337722.3337732,Proceedings of the 14th International Conference on the Foundations of Digital Games,FDG '19,null,"Choice-driven narratives, such as those created through systems like Twine, are a compelling form of interactive storytelling that have been around for many years. But as long as this form has existed, it has grappled with a persistent design problem: consistently presenting choices that feel both effective and relevant. Brute force can achieve the desired effect, but usually at the cost of prohibitively high authorial burden. To tackle this, generative approaches, such as Mawhorter's Dunyazad, facilitate authoring procedural choice content for reuse and recombination. However, many such systems, while successful on technical levels, have yet to to be used to author large enough structures to support a full game, and require a high technical threshold for authors to use. To further development in this space, we present StoryAssembler, an open source generative narrative system that creates dynamic choice-driven narratives. It formed a critical part of Emma's Journey, an interactive narrative game, the initial version of which was collaboratively authored by a team of six writers. In the course of the game's creation, useful authoring patterns and design lessons were learned, as well as techniques that made the system approachable for first-time users.",katy,implementation/translation,5,more than paragraph,unspecified,high,qualitative,6,exploratory,unspecified,yes,yes,yes,other; support is not about providing textual content,
"Gon\c{c}alves, Frederica and Campos, Pedro",Understanding and Evaluating the User Interface Design for Creative Writing,UI Design,2017,9781450352567,Association for Computing Machinery,https://doi.org/10.1145/3121283.3121298,10.1145/3121283.3121298,Proceedings of the European Conference on Cognitive Ergonomics 2017,ECCE 2017,null,"Recent decades brought us technological advances which have been able to significantly improve the writing activity. Everyone writes, and everyone has a wide variety of creative writing tools for that. In this paper, we present a study with 23 user experiences and interviews, regarding four different writing environments in a within-subject design. We obtained a deep understanding of which tool promotes higher levels of satisfaction and creativity during the process of creative writing. First, we compared the creative writing Dimensions (Serendipity, Haven, Evolution and Shuffle), combined with the Technology Acceptance Model dimensions. Through distinct evaluation methods, we discuss the results about how the usage of different creative writing environments can produce results that allow a better understanding of the user interface design process for users.",alex,implementation/translation,2,writing experience,casual,high,qualitative + quantitative,23,"survey, quality of writing - likart scale",5 min,yes,no,no,other; support is not about providing textual content,
"Gon\c{c}alves, Frederica and Campos, Pedro",Understanding and Evaluating the User Interface Design for Creative Writing,UI Design,2017,9781450352567,Association for Computing Machinery,https://doi.org/10.1145/3121283.3121298,10.1145/3121283.3121298,Proceedings of the European Conference on Cognitive Ergonomics 2017,ECCE 2017,null,"Recent decades brought us technological advances which have been able to significantly improve the writing activity. Everyone writes, and everyone has a wide variety of creative writing tools for that. In this paper, we present a study with 23 user experiences and interviews, regarding four different writing environments in a within-subject design. We obtained a deep understanding of which tool promotes higher levels of satisfaction and creativity during the process of creative writing. First, we compared the creative writing Dimensions (Serendipity, Haven, Evolution and Shuffle), combined with the Technology Acceptance Model dimensions. Through distinct evaluation methods, we discuss the results about how the usage of different creative writing environments can produce results that allow a better understanding of the user interface design process for users.",alex,implementation/translation,2,writing experience,casual,high,qualitative + quantitative,-,-,-,yes,no,no,other; support is not about providing textual content,
"Gon\c{c}alves, Frederica and Campos, Pedro",Understanding and Evaluating the User Interface Design for Creative Writing,UI Design,2017,9781450352567,Association for Computing Machinery,https://doi.org/10.1145/3121283.3121298,10.1145/3121283.3121298,Proceedings of the European Conference on Cognitive Ergonomics 2017,ECCE 2017,null,"Recent decades brought us technological advances which have been able to significantly improve the writing activity. Everyone writes, and everyone has a wide variety of creative writing tools for that. In this paper, we present a study with 23 user experiences and interviews, regarding four different writing environments in a within-subject design. We obtained a deep understanding of which tool promotes higher levels of satisfaction and creativity during the process of creative writing. First, we compared the creative writing Dimensions (Serendipity, Haven, Evolution and Shuffle), combined with the Technology Acceptance Model dimensions. Through distinct evaluation methods, we discuss the results about how the usage of different creative writing environments can produce results that allow a better understanding of the user interface design process for users.",alex,implementation/translation,2,writing experience,casual,high,qualitative + quantitative,-,-,-,yes,no,no,other; support is not about providing textual content,
"Gon\c{c}alves, Frederica and Campos, Pedro",Understanding and Evaluating the User Interface Design for Creative Writing,UI Design,2017,9781450352567,Association for Computing Machinery,https://doi.org/10.1145/3121283.3121298,10.1145/3121283.3121298,Proceedings of the European Conference on Cognitive Ergonomics 2017,ECCE 2017,null,"Recent decades brought us technological advances which have been able to significantly improve the writing activity. Everyone writes, and everyone has a wide variety of creative writing tools for that. In this paper, we present a study with 23 user experiences and interviews, regarding four different writing environments in a within-subject design. We obtained a deep understanding of which tool promotes higher levels of satisfaction and creativity during the process of creative writing. First, we compared the creative writing Dimensions (Serendipity, Haven, Evolution and Shuffle), combined with the Technology Acceptance Model dimensions. Through distinct evaluation methods, we discuss the results about how the usage of different creative writing environments can produce results that allow a better understanding of the user interface design process for users.",alex,implementation/translation,2,writing experience,casual,high,qualitative + quantitative,-,-,-,yes,no,no,other; support is not about providing textual content,
"Olson, Judith S. and Wang, Dakuo and Olson, Gary M. and Zhang, Jingwen",How People Write Together Now: Beginning the Investigation with Advanced Undergraduates in a Project Course,Writing Together,2017,null,Association for Computing Machinery,https://doi.org/10.1145/3038919,10.1145/3038919,null,null,ACM Trans. Comput.-Hum. Interact.,"Today's commercially available word processors allow people to write collaboratively in the cloud, both in the familiar asynchronous mode and now in synchronous mode as well. This opens up new ways of working together. We examined the data traces of collaborative writing behavior in student teams’ use of Google Docs to discover how they are writing together now. We found that student teams write both synchronously and asynchronously, take fluid roles in the writing and editing of the documents, and show a variety of styles of collaborative writing, including writing from scratch, beginning with an outline, pasting in a related example as a template to organize their own writing, and three more. We also found that the document serves as a place where they share a number of things not included in the final document, including links or references to related materials, the assignment requirements from the instructor, and informal discussions to coordinate the collaboration or to structure the document. We computed a number of measures to depict a group's collaboration behavior and asked external graders to score these documents for quality. We found that the documents that included balanced participation and/or exhibited leadership were judged higher in quality, as were those that were longer. We then suggested system design implications and behavioral guidelines to support people writing together better, and concluded the paper with future research directions.",katy,all,1,more than paragraph,unspecified,high,quantitative,135,"collaboration, quality",unspecified,yes,yes,no,other; support is not about providing textual content,
"Peng, Zhenhui and Guo, Qingyu and Tsang, Ka Wing and Ma, Xiaojuan",Exploring the Effects of Technological Writing Assistance for Support Providers in Online Mental Health Community,MepsBot,2020,9781450367080,Association for Computing Machinery,https://doi.org/10.1145/3313831.3376695,null,Proceedings of the 2020 CHI Conference on Human Factors in Computing Systems,null,null,"Textual comments from peers with informational and emotional support are beneficial to members of online mental health communities (OMHCs). However, many comments are not of high quality in reality. Writing support technologies that assess (AS) the text or recommend (RE) writing examples on the fly could potentially help support providers to improve the quality of their comments. However, how providers perceive and work with such technologies are under-investigated. In this paper, we present a technological prototype MepsBot which offers providers in-situ writing assistance in either AS or RE mode. Results of a mixed-design study with 30 participants show that both types of MepsBots improve users' confidence in and satisfaction with their comments. The AS-mode MepsBot encourages users to refine expressions and is deemed easier to use, while the RE-mode one stimulates more support-related content re-editions. We report concerns on MepsBot and propose design considerations for writing support technologies in OMHCs.",katy,reviewing/evaluation,4,paragraph,specified (online mental health communities),low,qualitative + quantitative,30,"confidence, satisfaction, interaction, concerns",unspecified (whole experiment lasts 60 min),yes,no,yes,classification and examples,
"Wang, Liuping and Fan, Xiangmin and Tian, Feng and Deng, Lingjia and Ma, Shuai and Huang, Jin and Wang, Hongan",MirrorU: Scaffolding Emotional Reflection via In-Situ Assessment and Interactive Feedback,MirrorU,2018,9781450356213,Association for Computing Machinery,https://doi.org/10.1145/3170427.3188517,10.1145/3170427.3188517,Extended Abstracts of the 2018 CHI Conference on Human Factors in Computing Systems,CHI EA '18,null,"We present mirrorU, a mobile system that supports users to reflect on and write about their daily emotional experience. While prior work has focused primarily on providing memory triggers or affective cues, mirrorU provides in-situ assessment and interactive feedback to scaffold reflective writing. It automatically and continuously monitors the composition process in three dimensions (i.e., level of detail, overall valence, and cognitive engagement) and provides relevant feedback to support reflection. In a 24-subject pilot deployment, we found that such scaffolding and feedback could help users compose longer reflections with more positive emotion words as well as more insight and causal words. We discuss how the literature on emotional writing informed mirrorU's design, and highlight the major findings as well as the lessons learned from the pilot study.",katy,reviewing/evaluation,2,paragraph,unspecified,medium,qualitative,24,usability and efficacy,unspecified (3 times/day for a week),yes,no,yes,SVM classifier and examples,
"Watanabe, Kento and Matsubayashi, Yuichiroh and Inui, Kentaro and Nakano, Tomoyasu and Fukayama, Satoru and Goto, Masataka",LyriSys: An Interactive Support System for Writing Lyrics Based on Topic Transition,LyriSys,2017,9781450343480,Association for Computing Machinery,https://doi.org/10.1145/3025171.3025194,10.1145/3025171.3025194,Proceedings of the 22nd International Conference on Intelligent User Interfaces,IUI '17,null,"This paper presents LyriSys, a novel lyric-writing support system. Previous systems for lyric writing can fully automatically only generate a single line of lyrics that satisfies given constraints on accent and syllable patterns or an entire lyric. In contrast to such systems, LyriSys allows users to create and revise their work incrementally in a trial-and-error manner. Through fine-grained interactions with the system, the user can create the specifications of the musical structure and the story of the lyrics in terms of the verse-bridge-chorus structure, the number of lines, words and syllables, and most importantly, the transition over semantic topics such as ""scene"", ""dark"" and ""sweet love"". This paper provides an overview of the design of the system and its user interface and describes how the writing process is guided by a state-of-the-art probabilistic generative topic model that is trained without supervision. The system works for both Japanese and English.",alex,implementation/translation,5,paragraph,expert,medium,qualitative,5,open ended response,unspecified,no,no,yes,non-template-based generated text,
"Tian, Sunny and Zhang, Amy X. and Karger, David",A System for Interleaving Discussion and Summarization in Collaborative Document Writing,IDS System,2020,9781450380591,Association for Computing Machinery,https://doi.org/10.1145/3406865.3418569,null,Conference Companion Publication of the 2020 on Computer Supported Cooperative Work and Social Computing,null,null,"In many instances of online collaboration, ideation and deliberation about what to write happen separately from the synthesis of the deliberation into a cohesive document. However, this may result in a final document that has little connection to the discussion that came before. In this work, we present interleaved discussion and summarization, a process where discussion and summarization are woven together in a single space, and collaborators can switch back and forth between discussing ideas and summarizing discussion until it results in a final document that incorporates and references all discussion points. We implement this process into a tool called Wikum+ that allows groups working together on a project to create living summaries-artifacts that can grow as new collaborators, ideas, and feedback arise and shrink as collaborators come to consensus. We conducted studies where groups of six people each collaboratively wrote a proposal using Wikum+ and a proposal using a messaging platform along with Google Docs.",charlotte,implementation/translation,3,writing experience,unspecified,high,none,-,-,-,yes,yes,yes,other; support is not about providing textual content,
"T\""{u}rkay, Selen and Seaton, Daniel and Ang, Andrew M.",Itero: A Revision History Analytics Tool for Exploring Writing Behavior and Reflection,Itero,2018,9781450356213,Association for Computing Machinery,https://doi.org/10.1145/3170427.3188474,10.1145/3170427.3188474,Extended Abstracts of the 2018 CHI Conference on Human Factors in Computing Systems,CHI EA '18,null,"The overarching goals of this study are to better understand how monitoring the writing processes can be deeply integrated into writing practices using writing revision analytics and visualizations that may ultimately impact writing self-efficacy; and to examine the effects of a writing revision tool on users' writing awareness during individual and collaborative writing. We developed Itero, a writing revision history analytics application that allows users to observe their writing behavior via visualizations and descriptive statistics. In this paper, we report findings from two pilot studies: one focused on user experiences during an individual writing task and the other during a collaborative writing task. Findings show evidence that Itero may increase users' writing self-awareness and understanding of their collaboration structure, and warrants further investigation.",charlotte,reviewing/evaluation,1,writing experience,unspecified,low,qualitative,9,"exploratory, self-efficacy beliefs",35 min,yes,yes,yes,other; support is not about providing textual content,
"T\""{u}rkay, Selen and Seaton, Daniel and Ang, Andrew M.",Itero: A Revision History Analytics Tool for Exploring Writing Behavior and Reflection,Itero,2018,9781450356213,Association for Computing Machinery,https://doi.org/10.1145/3170427.3188474,10.1145/3170427.3188474,Extended Abstracts of the 2018 CHI Conference on Human Factors in Computing Systems,CHI EA '18,null,"The overarching goals of this study are to better understand how monitoring the writing processes can be deeply integrated into writing practices using writing revision analytics and visualizations that may ultimately impact writing self-efficacy; and to examine the effects of a writing revision tool on users' writing awareness during individual and collaborative writing. We developed Itero, a writing revision history analytics application that allows users to observe their writing behavior via visualizations and descriptive statistics. In this paper, we report findings from two pilot studies: one focused on user experiences during an individual writing task and the other during a collaborative writing task. Findings show evidence that Itero may increase users' writing self-awareness and understanding of their collaboration structure, and warrants further investigation.",charlotte,,,,-,-,-,26,collaboration,80 min,-,-,-,-,
"Tian, Sunny and Zhang, Amy X. and Karger, David",A System for Interleaving Discussion and Summarization in Online Collaboration,IDS System 2,2021,null,Association for Computing Machinery,https://doi.org/10.1145/3432940,10.1145/3432940,null,null,Proc. ACM Hum.-Comput. Interact.,"In many instances of online collaboration, ideation and deliberation about what to write happen separately from the synthesis of the deliberation into a cohesive document. However, this may result in a final document that has little connection to the discussion that came before. In this work, we present interleaved discussion and summarization, a process where discussion and summarization are woven together in a single space, and collaborators can switch back and forth between discussing ideas and summarizing discussion until it results in a final document that incorporates and references all discussion points. We implement this process into a tool called Wikum+ that allows groups working together on a project to create living summaries-artifacts that can grow as new collaborators, ideas, and feedback arise and shrink as collaborators come to consensus. We conducted studies where groups of six people each collaboratively wrote a proposal using Wikum+ and a proposal using a messaging platform along with Google Docs. We found that Wikum+'s integration of discussion and summarization helped users be more organized, allowing for light-weight coordination and iterative improvements throughout the collaboration process. A second study demonstrated that in larger groups, Wikum+ is more inclusive of all participants and more comprehensive in the final document compared to traditional tools.",charlotte,,,,,,,,,,,,,,
"Liu, Xiaotong and Xu, Anbang and Liu, Zhe and Guo, Yufan and Akkiraju, Rama",Cognitive Learning: How to Become William Shakespeare,Shakespeare,2019,9781450359719,Association for Computing Machinery,https://doi.org/10.1145/3290607.3312844,10.1145/3290607.3312844,Extended Abstracts of the 2019 CHI Conference on Human Factors in Computing Systems,CHI EA '19,null,"Writing is a fundamental task in our daily life. Existing writing improvement tools mostly focus on low-level grammar error correction, rather than enhancing users' writing styles at the cognitive level. In this work, we present a computational approach that allows learners to have fast but effective learning experience with the help of automatic style transfer, visual stylometry analytics, machine teaching and practice. Our system provides a perfect fusion of vividly visualized style features and principles along with informative examples, which together can shape and drive personalized cognitive learning experience. We demonstrate the effectiveness of our system in a scenario of learning from William Shakespeare.",charlotte,,,,,,,,,,,,,,
"Roemmele, Melissa and Gordon, Andrew S.",Automated Assistance for Creative Writing with an RNN Language Model,Storytelling Assistance,2018,9781450355711,Association for Computing Machinery,https://doi.org/10.1145/3180308.3180329,10.1145/3180308.3180329,Proceedings of the 23rd International Conference on Intelligent User Interfaces Companion,IUI '18 Companion,null,"This work demonstrates an interface, Creative Help, that assists people with creative writing by automatically suggesting new sentences in a story. Authors can freely edit the generated suggestions, and the application tracks their modifications. We make use of a Recurrent Neural Network language model to generate suggestions in a simple probabilistic way. Motivated by the theorized role of unpredictability in creativity, we vary the degree of randomness in the probability distribution used to generate the sentences, and find that authors' interactions with the suggestions are influenced by this randomness.",katy,implementation/translation,1,sentence,unspecified,low,quantitative,139,"quality, helpfulness, influence",15 min,yes,no,no,rnn,
"Schmidt, Dirk",Grading Tibetan Children’s Literature: A Test Case Using the NLP Readability Tool “Dakje”,Dakje,2020,null,Association for Computing Machinery,https://doi.org/10.1145/3392046,10.1145/3392046,null,null,ACM Trans. Asian Low-Resour. Lang. Inf. Process.,"Worldwide, literacy is on the rise. This historically unprecedented surge—especially over the past 200 years—has changed nearly everything about the ancient technology of reading. Who reads is changing: Literacy is no longer just for elite, professional readers, but for anyone and everyone. What and why we read is changing: We do not just read difficult texts for academic, religious, legal, or record-keeping purposes; we also read easy texts to be entertained, to access information, and to communicate with each other on a daily basis. And how we read is changing: Memorization, recitation, and oral performance has given way to a rapid, silent, individual activity.Many of these democratizing changes have been made possible by technology. This has included advances in methods and materials that have made reading and writing easy, cheap, and widely available—like paper, the printing press, and the digital revolution. But perhaps the biggest reason literacy has become so widespread has been its ability to reach people in their own natural languages. More recently, this progress has been enhanced by NLP tools, like readability editors, that have helped authors, journalists, and other writing professionals make simple, clear content suitable for both beginning readers and widespread audiences.To that end, this article introduces a new readability tool, “Dakje,” alongside a specific use case, and demonstrates how it can help benefit literacy in the Tibetan languages. This NLP software works by word-splitting Tibetan text and analyzing those words using level lists that are based on frequency analysis from corpora. Users then have instant access to statistics on the readability of their word choices so they can make edits for easy-to-read text. In our test-case, Dakje helped us reduce sentence complexity by 34%, total word count by 10%, and non-level vocabulary use from 16% to 1% when compared to an original English-to-Tibetan translation.",katy,reviewing/evaluation,5,word,early readers,low,none,-,-,-,yes,no,yes,word lists,
"LaBouve, Eric and Miller, Erik and Khosmood, Foaad",Enhancing Story Generation with the Semantic Web,Story Generation,2019,9781450372176,Association for Computing Machinery,https://doi.org/10.1145/3337722.3337742,10.1145/3337722.3337742,Proceedings of the 14th International Conference on the Foundations of Digital Games,FDG '19,null,"In story or character driven games, in-game stories are usually manually authored in advance. As the complexity of interactions in games increases, the quantity of hand-crafted text typically follows. Designing stories and composing content by hand is a laborious and time consuming process that if automated, would speed up game production and lower development costs. In this paper, we present a mixed initiative tool to help generalize and enhance context free grammars (CFGs) for story generation. The tool is designed to take as input a story generating grammar in addition to generic keywords for people, places and other various metrics in order to control the output text. The tool is knowledgeable about a wide array of topics because it leverages the Semantic Web in order to extrapolate more details and related information from the user supplied content. As a result, generated text will contain genuinely new information, descriptions of characters and locations that were never written by the author. Although the general structure of a story or dialogue is somewhat fixed by the nature of grammar rules, the resulting text can be geared towards a variety of user inputs and can include details that may surprise designers. The tool is evaluated by a group of 15 individuals in a user study to gauge the practicality of using Semantic Web technologies for procedural text generation. The study concludes that using the Semantic Web is an effective aid for grammar based text generation. We discuss our system, the user study and share thoughts on future work.",katy,implementation/translation,5,paragraph,unspecified,medium,quantitative,15,"control, surprise, correctness, useful",unspecified,yes,no,yes,context free grammars & semantic web,
"Toyozaki, Xaver Tomihiro and Watanabe, Keita",AmbientLetter: Letter Presentation Method for Discreet Notification of Unknown Spelling When Handwriting,AmbientLetter,2018,9781450359498,Association for Computing Machinery,https://doi.org/10.1145/3266037.3266093,10.1145/3266037.3266093,The 31st Annual ACM Symposium on User Interface Software and Technology Adjunct Proceedings,UIST '18 Adjunct,null,"We propose a technique to support writing activity in a confidential manner with a pen-based device. Autocorrect and predictive conversion do not work when writing by hand, and looking up unknown spelling is sometimes embarrassing. Therefore, we propose AmbientLetter which seamlessly and discretely presents the forgotten spelling to the user in scenarios where handwriting is necessary. In this work, we describe the system structure and the technique used to conceal the user""s getting the information.",katy,implementation/translation,5,word,unspecified,medium,none,-,-,-,yes,no,yes,other; support is not about providing textual content,
"Pe-Than, Ei Pa Pa and Dabbish, Laura and Herbsleb, James D.",Collaborative Writing on GitHub: A Case Study of a Book Project,Writing on Github,2018,9781450360180,Association for Computing Machinery,https://doi.org/10.1145/3272973.3274083,10.1145/3272973.3274083,Companion of the 2018 ACM Conference on Computer Supported Cooperative Work and Social Computing,CSCW '18,null,"Social coding platforms such as GitHub are increasingly becoming a digital workspace for the production of non-software digital artifacts. Since GitHub offers unique features that are different from traditional ways of collaborative writing, it is interesting to investigate how GitHub features are used for writing. In this paper, we present the preliminary findings of a mixed-methods, case study of collaboration practices in a GitHub book project. We found that the use of GitHub depended on task interdependence and audience participation. GitHub's direct push method was used to coordinate both loosely- and tightly-coupled work, with the latter requiring collaborators to follow socially-accepted conventions. The pull-based method was adopted once the project was released to the public. While face-to-face and online meetings were prominent in the early phases, GitHub's issues became instrumental for communication and project management in later phases. Our findings have implications for the design of collaborative writing tools.",katy,all,1,more than paragraph,unspecified,high,qualitative,4,exploratory,unspecified,yes,yes,no,github,
"Han, Han L. and Renom, Miguel A. and Mackay, Wendy E. and Beaudouin-Lafon, Michel",Textlets: Supporting Constraints and Consistency in Text Documents,Textlets,2020,9781450367080,Association for Computing Machinery,https://doi.org/10.1145/3313831.3376804,null,Proceedings of the 2020 CHI Conference on Human Factors in Computing Systems,null,null,"Writing technical documents frequently requires following constraints and consistently using domain-specific terms. We interviewed 12 legal professionals and found that they all use a standard word processor, but must rely on their memory to manage dependencies and maintain consistent vocabulary within their documents. We introduce Textlets, interactive objects that reify text selections into persistent items. We show how Textlets help manage consistency and constraints within the document, including selective search and replace, word count, and alternative wording. Eight participants tested a search-and-replace Textlet as a technology probe. All successfully interacted directly with the Textlet to perform advanced tasks; and most (6/8) spontaneously generated a novel replace-all-then-correct strategy. Participants suggested additional ideas, such as supporting collaborative editing over time by embedding a Textlet into the document to flag forbidden words. We argue that Textlets serve as a generative concept for creating powerful new tools for document editing.",katy,reviewing/evaluation,1,word,unspecified,medium,qualitative,8,novel uses,20 min,yes,no,yes,other; support is not about providing textual content,
"Pe-Than, Ei Pa Pa and Dabbish, Laura and Herbsleb, James",Open Collaborative Writing: Investigation of the Fork-and-Pull Model,Fork-and-Pull,2021,null,Association for Computing Machinery,https://doi.org/10.1145/3449211,10.1145/3449211,null,null,Proc. ACM Hum.-Comput. Interact.,"Work of all kinds increasingly takes place via networked digital environments that support diverse modes of collaboration. Previous work has investigated how collaborative writing takes place in shared and open workspaces. This study investigates how the ""fork-and-pull'' model of distributed version management, now widely utilized in software development, supports coordination and public contribution in collaborative writing. We employ a case study approach to understand coordination around written artifacts in an open pull-based environment. Through interviews and archival analysis of two open text projects: a mathematics textbook on homotopy type theory (HoTT) and open source policies by 18F, a branch of federal agency, we reconstruct how text artifacts were created. We find that in both cases an intensive multi-channel communication among a small core preceded an explicit release action in the form of public communication to solicit broader contribution. Our analysis reveals a dichotomy between two modes of collaboration: a perfecting mode of crafting a public written document versus an evolution mode. In perfecting, authors used the fork-and-pull model to manage contributions refining the text to a more correct version. In evolution, authors used the fork-and-pull model to use a written artifact as a template and starting point, customizing it to their relevant scope. Based on our results, we consider how we might design systems and policies to support pull-based coordination around written artifacts and the forms it takes.",alex,implementation/translation,1,writing experience,none,low,case study,-,-,-,yes,yes,no,github,Don't think this matches the rest of the papers we're looking at
"Sterman, Sarah and Huang, Evey and Liu, Vivian and Paulos, Eric",Interacting with Literary Style through Computational Tools,Literary Style,2020,9781450367080,Association for Computing Machinery,https://doi.org/10.1145/3313831.3376730,null,Proceedings of the 2020 CHI Conference on Human Factors in Computing Systems,null,null,"Style is an important aspect of writing, shaping how audiences interpret and engage with literary works. However, for most people style is difficult to articulate precisely. While users frequently interact with computational word processing tools with well-defined metrics, such as spelling and grammar checkers, style is a significantly more nuanced concept. In this paper, we present a computational technique to help surface style in written text. We collect a dataset of crowdsourced human judgments of style, derive a model of style by training a neural net on this data, and present novel applications for visualizing and browsing style across broad bodies of literature, as well as an interactive text editor with real-time style feedback. We study these interactive style applications with users and discuss implications for enabling this novel approach to style.",katy,unclear,1,unclear,unspecified,low,qualitative,6,exploratory,unspecified,no,no,yes,neural net,
"Das, Maitraye",Designing for Collaborative Content Creation for People with Vision Impairments,VIsion Impairments,2020,9781450380591,Association for Computing Machinery,https://doi.org/10.1145/3406865.3418369,null,Conference Companion Publication of the 2020 on Computer Supported Cooperative Work and Social Computing,null,null,"My work contributes to developing a comprehensive understanding of how people with vision impairments perform collaborative work with their sighted colleagues through the study of two diverse contexts - collaborative writing and collaborative making. Building on the insights gathered from my ethnographic field observations and interviews, I design, build and evaluate new systems to better support accessibility in groupwork. By critically reflecting on the ways in which accessibility is negotiated through interpersonal relations and organizational structures, my research informs the design of collaborative technology that can support interdependent, co-creative practices in ability-diverse teams.",katy,,,,,,,,,,,,,,
"Das, Maitraye and Gergle, Darren and Piper, Anne Marie","""It Doesn't Win You Friends"": Understanding Accessibility in Collaborative Writing for People with Vision Impairments",Vision Accessibility,2019,null,Association for Computing Machinery,https://doi.org/10.1145/3359293,10.1145/3359293,null,null,Proc. ACM Hum.-Comput. Interact.,"Collaborative writing tools have become ubiquitous in today's world and are used widely in many professional organizations and academic settings. Yet, we know little about how ability-diverse teams, such as those involving people with and without vision impairments, make use of collaborative writing tools. We report on interviews with 20 academics and professionals who are blind or visually impaired and perform collaborative writing with sighted colleagues. Our findings reveal that people with vision impairments perform collaborative writing activities through four interconnected processes, which include learning an ecosystem of (in)accessible tools, adapting to complexities of collaborative features, balancing the cost and benefit of accessibility, and navigating power dynamics within organizations. We discuss how our analysis contributes to theories of accessibility in collaboration and offers practical insights for future collaborative system design.",katy,,,,,,,,,,,,,,
,,,,,,,,,,,,0,,,,,,,,,,,,,,
,,,,,,,,,,,,,,,,,,,,,,,,,,
,,,,,,,,,,,,,,,,,,,,,,,,,,
,,,,,,,,,,,,,,,,,,,,,,,,,,
,,,,,,,,,,,,,,,,,,,,,,,,,,
,,,,,,,,,,,,,,,,,,,,,,,,,,
,,,,,,,,,,,,,,,,,,,,,,,,,,
,,,,,,,,,,,,,,,,,,,,,,,,,,
,,,,,,,,,,,,,,,,,,,,,,,,,,
,,,,,,,,,,,,,,,,,,,,,,,,,,
,,,,,,,,,,,,,,,,,,,,,,,,,,
,,,,,,,,,,,,,,,,,,,,,,,,,,
,,,,,,,,,,,,,,,,,,,,,,,,,,
,,,,,,,,,,,,,,,,,,,,,,,,,,
,,,,,,,,,,,,,,,,,,,,,,,,,,
,,,,,,,,,,,,,,,,,,,,,,,,,,
,,,,,,,,,,,,,,,,,,,,,,,,,,
,,,,,,,,,,,,,,,,,,,,,,,,,,
,,,,,,,,,,,,,,,,,,,,,,,,,,
,,,,,,,,,,,,,,,,,,,,,,,,,,
,,,,,,,,,,,,,,,,,,,,,,,,,,
,,,,,,,,,,,,,,,,,,,,,,,,,,
,,,,,,,,,,,,,,,,,,,,,,,,,,
,,,,,,,,,,,,,,,,,,,,,,,,,,
,,,,,,,,,,,,,,,,,,,,,,,,,,
,,,,,,,,,,,,,,,,,,,,,,,,,,
,,,,,,,,,,,,,,,,,,,,,,,,,,
,,,,,,,,,,,,,,,,,,,,,,,,,,
,,,,,,,,,,,,,,,,,,,,,,,,,,
,,,,,,,,,,,,,,,,,,,,,,,,,,
,,,,,,,,,,,,,,,,,,,,,,,,,,
,,,,,,,,,,,,,,,,,,,,,,,,,,
,,,,,,,,,,,,,,,,,,,,,,,,,,
,,,,,,,,,,,,,,,,,,,,,,,,,,
,,,,,,,,,,,,,,,,,,,,,,,,,,
,,,,,,,,,,,,,,,,,,,,,,,,,,
,,,,,,,,,,,,,,,,,,,,,,,,,,
,,,,,,,,,,,,,,,,,,,,,,,,,,
,,,,,,,,,,,,,,,,,,,,,,,,,,
,,,,,,,,,,,,,,,,,,,,,,,,,,
,,,,,,,,,,,,,,,,,,,,,,,,,,
,,,,,,,,,,,,,,,,,,,,,,,,,,
,,,,,,,,,,,,,,,,,,,,,,,,,,
,,,,,,,,,,,,,,,,,,,,,,,,,,
,,,,,,,,,,,,,,,,,,,,,,,,,,
,,,,,,,,,,,,,,,,,,,,,,,,,,
,,,,,,,,,,,,,,,,,,,,,,,,,,
,,,,,,,,,,,,,,,,,,,,,,,,,,
,,,,,,,,,,,,,,,,,,,,,,,,,,
,,,,,,,,,,,,,,,,,,,,,,,,,,
,,,,,,,,,,,,,,,,,,,,,,,,,,
,,,,,,,,,,,,,,,,,,,,,,,,,,
,,,,,,,,,,,,,,,,,,,,,,,,,,
,,,,,,,,,,,,,,,,,,,,,,,,,,
,,,,,,,,,,,,,,,,,,,,,,,,,,
,,,,,,,,,,,,,,,,,,,,,,,,,,
,,,,,,,,,,,,,,,,,,,,,,,,,,
,,,,,,,,,,,,,,,,,,,,,,,,,,
,,,,,,,,,,,,,,,,,,,,,,,,,,
,,,,,,,,,,,,,,,,,,,,,,,,,,
,,,,,,,,,,,,,,,,,,,,,,,,,,
,,,,,,,,,,,,,,,,,,,,,,,,,,
,,,,,,,,,,,,,,,,,,,,,,,,,,
,,,,,,,,,,,,,,,,,,,,,,,,,,
,,,,,,,,,,,,,,,,,,,,,,,,,,
,,,,,,,,,,,,,,,,,,,,,,,,,,
,,,,,,,,,,,,,,,,,,,,,,,,,,
,,,,,,,,,,,,,,,,,,,,,,,,,,
,,,,,,,,,,,,,,,,,,,,,,,,,,
,,,,,,,,,,,,,,,,,,,,,,,,,,
,,,,,,,,,,,,,,,,,,,,,,,,,,
,,,,,,,,,,,,,,,,,,,,,,,,,,
,,,,,,,,,,,,,,,,,,,,,,,,,,
,,,,,,,,,,,,,,,,,,,,,,,,,,
,,,,,,,,,,,,,,,,,,,,,,,,,,
,,,,,,,,,,,,,,,,,,,,,,,,,,
,,,,,,,,,,,,,,,,,,,,,,,,,,
,,,,,,,,,,,,,,,,,,,,,,,,,,
,,,,,,,,,,,,,,,,,,,,,,,,,,
,,,,,,,,,,,,,,,,,,,,,,,,,,
,,,,,,,,,,,,,,,,,,,,,,,,,,
,,,,,,,,,,,,,,,,,,,,,,,,,,
,,,,,,,,,,,,,,,,,,,,,,,,,,
,,,,,,,,,,,,,,,,,,,,,,,,,,
,,,,,,,,,,,,,,,,,,,,,,,,,,
,,,,,,,,,,,,,,,,,,,,,,,,,,
,,,,,,,,,,,,,,,,,,,,,,,,,,
,,,,,,,,,,,,,,,,,,,,,,,,,,
,,,,,,,,,,,,,,,,,,,,,,,,,,
,,,,,,,,,,,,,,,,,,,,,,,,,,
,,,,,,,,,,,,,,,,,,,,,,,,,,
,,,,,,,,,,,,,,,,,,,,,,,,,,
,,,,,,,,,,,,,,,,,,,,,,,,,,
,,,,,,,,,,,,,,,,,,,,,,,,,,
,,,,,,,,,,,,,,,,,,,,,,,,,,
,,,,,,,,,,,,,,,,,,,,,,,,,,
,,,,,,,,,,,,,,,,,,,,,,,,,,
,,,,,,,,,,,,,,,,,,,,,,,,,,
,,,,,,,,,,,,,,,,,,,,,,,,,,
,,,,,,,,,,,,,,,,,,,,,,,,,,
,,,,,,,,,,,,,,,,,,,,,,,,,,
,,,,,,,,,,,,,,,,,,,,,,,,,,
,,,,,,,,,,,,,,,,,,,,,,,,,,
,,,,,,,,,,,,,,,,,,,,,,,,,,
,,,,,,,,,,,,,,,,,,,,,,,,,,
,,,,,,,,,,,,,,,,,,,,,,,,,,
,,,,,,,,,,,,,,,,,,,,,,,,,,
,,,,,,,,,,,,,,,,,,,,,,,,,,
,,,,,,,,,,,,,,,,,,,,,,,,,,
,,,,,,,,,,,,,,,,,,,,,,,,,,
,,,,,,,,,,,,,,,,,,,,,,,,,,
,,,,,,,,,,,,,,,,,,,,,,,,,,
,,,,,,,,,,,,,,,,,,,,,,,,,,
,,,,,,,,,,,,,,,,,,,,,,,,,,
,,,,,,,,,,,,,,,,,,,,,,,,,,
,,,,,,,,,,,,,,,,,,,,,,,,,,
,,,,,,,,,,,,,,,,,,,,,,,,,,
,,,,,,,,,,,,,,,,,,,,,,,,,,
,,,,,,,,,,,,,,,,,,,,,,,,,,
,,,,,,,,,,,,,,,,,,,,,,,,,,
,,,,,,,,,,,,,,,,,,,,,,,,,,
,,,,,,,,,,,,,,,,,,,,,,,,,,
,,,,,,,,,,,,,,,,,,,,,,,,,,
,,,,,,,,,,,,,,,,,,,,,,,,,,
,,,,,,,,,,,,,,,,,,,,,,,,,,
,,,,,,,,,,,,,,,,,,,,,,,,,,
,,,,,,,,,,,,,,,,,,,,,,,,,,
,,,,,,,,,,,,,,,,,,,,,,,,,,
,,,,,,,,,,,,,,,,,,,,,,,,,,
,,,,,,,,,,,,,,,,,,,,,,,,,,
,,,,,,,,,,,,,,,,,,,,,,,,,,
,,,,,,,,,,,,,,,,,,,,,,,,,,
,,,,,,,,,,,,,,,,,,,,,,,,,,
,,,,,,,,,,,,,,,,,,,,,,,,,,
,,,,,,,,,,,,,,,,,,,,,,,,,,
,,,,,,,,,,,,,,,,,,,,,,,,,,
,,,,,,,,,,,,,,,,,,,,,,,,,,
,,,,,,,,,,,,,,,,,,,,,,,,,,
,,,,,,,,,,,,,,,,,,,,,,,,,,
,,,,,,,,,,,,,,,,,,,,,,,,,,
,,,,,,,,,,,,,,,,,,,,,,,,,,
,,,,,,,,,,,,,,,,,,,,,,,,,,
,,,,,,,,,,,,,,,,,,,,,,,,,,
,,,,,,,,,,,,,,,,,,,,,,,,,,
,,,,,,,,,,,,,,,,,,,,,,,,,,
,,,,,,,,,,,,,,,,,,,,,,,,,,
,,,,,,,,,,,,,,,,,,,,,,,,,,
,,,,,,,,,,,,,,,,,,,,,,,,,,
,,,,,,,,,,,,,,,,,,,,,,,,,,
,,,,,,,,,,,,,,,,,,,,,,,,,,
,,,,,,,,,,,,,,,,,,,,,,,,,,
,,,,,,,,,,,,,,,,,,,,,,,,,,
,,,,,,,,,,,,,,,,,,,,,,,,,,
,,,,,,,,,,,,,,,,,,,,,,,,,,
,,,,,,,,,,,,,,,,,,,,,,,,,,
,,,,,,,,,,,,,,,,,,,,,,,,,,
,,,,,,,,,,,,,,,,,,,,,,,,,,
,,,,,,,,,,,,,,,,,,,,,,,,,,
,,,,,,,,,,,,,,,,,,,,,,,,,,
,,,,,,,,,,,,,,,,,,,,,,,,,,
,,,,,,,,,,,,,,,,,,,,,,,,,,
,,,,,,,,,,,,,,,,,,,,,,,,,,
,,,,,,,,,,,,,,,,,,,,,,,,,,
,,,,,,,,,,,,,,,,,,,,,,,,,,
,,,,,,,,,,,,,,,,,,,,,,,,,,
,,,,,,,,,,,,,,,,,,,,,,,,,,
,,,,,,,,,,,,,,,,,,,,,,,,,,
,,,,,,,,,,,,,,,,,,,,,,,,,,
,,,,,,,,,,,,,,,,,,,,,,,,,,
,,,,,,,,,,,,,,,,,,,,,,,,,,
,,,,,,,,,,,,,,,,,,,,,,,,,,
,,,,,,,,,,,,,,,,,,,,,,,,,,
,,,,,,,,,,,,,,,,,,,,,,,,,,
,,,,,,,,,,,,,,,,,,,,,,,,,,
,,,,,,,,,,,,,,,,,,,,,,,,,,
,,,,,,,,,,,,,,,,,,,,,,,,,,
,,,,,,,,,,,,,,,,,,,,,,,,,,
,,,,,,,,,,,,,,,,,,,,,,,,,,
,,,,,,,,,,,,,,,,,,,,,,,,,,
,,,,,,,,,,,,,,,,,,,,,,,,,,
,,,,,,,,,,,,,,,,,,,,,,,,,,
,,,,,,,,,,,,,,,,,,,,,,,,,,
,,,,,,,,,,,,,,,,,,,,,,,,,,
,,,,,,,,,,,,,,,,,,,,,,,,,,
,,,,,,,,,,,,,,,,,,,,,,,,,,
,,,,,,,,,,,,,,,,,,,,,,,,,,
,,,,,,,,,,,,,,,,,,,,,,,,,,
,,,,,,,,,,,,,,,,,,,,,,,,,,
,,,,,,,,,,,,,,,,,,,,,,,,,,
,,,,,,,,,,,,,,,,,,,,,,,,,,
,,,,,,,,,,,,,,,,,,,,,,,,,,
,,,,,,,,,,,,,,,,,,,,,,,,,,
,,,,,,,,,,,,,,,,,,,,,,,,,,
,,,,,,,,,,,,,,,,,,,,,,,,,,
,,,,,,,,,,,,,,,,,,,,,,,,,,
,,,,,,,,,,,,,,,,,,,,,,,,,,
,,,,,,,,,,,,,,,,,,,,,,,,,,
,,,,,,,,,,,,,,,,,,,,,,,,,,
,,,,,,,,,,,,,,,,,,,,,,,,,,
,,,,,,,,,,,,,,,,,,,,,,,,,,
,,,,,,,,,,,,,,,,,,,,,,,,,,
,,,,,,,,,,,,,,,,,,,,,,,,,,
,,,,,,,,,,,,,,,,,,,,,,,,,,
,,,,,,,,,,,,,,,,,,,,,,,,,,
,,,,,,,,,,,,,,,,,,,,,,,,,,
,,,,,,,,,,,,,,,,,,,,,,,,,,
,,,,,,,,,,,,,,,,,,,,,,,,,,
,,,,,,,,,,,,,,,,,,,,,,,,,,
,,,,,,,,,,,,,,,,,,,,,,,,,,
,,,,,,,,,,,,,,,,,,,,,,,,,,
,,,,,,,,,,,,,,,,,,,,,,,,,,
,,,,,,,,,,,,,,,,,,,,,,,,,,
,,,,,,,,,,,,,,,,,,,,,,,,,,
,,,,,,,,,,,,,,,,,,,,,,,,,,
,,,,,,,,,,,,,,,,,,,,,,,,,,
,,,,,,,,,,,,,,,,,,,,,,,,,,
,,,,,,,,,,,,,,,,,,,,,,,,,,
,,,,,,,,,,,,,,,,,,,,,,,,,,
,,,,,,,,,,,,,,,,,,,,,,,,,,
,,,,,,,,,,,,,,,,,,,,,,,,,,
,,,,,,,,,,,,,,,,,,,,,,,,,,
,,,,,,,,,,,,,,,,,,,,,,,,,,
,,,,,,,,,,,,,,,,,,,,,,,,,,
,,,,,,,,,,,,,,,,,,,,,,,,,,
,,,,,,,,,,,,,,,,,,,,,,,,,,
,,,,,,,,,,,,,,,,,,,,,,,,,,
,,,,,,,,,,,,,,,,,,,,,,,,,,
,,,,,,,,,,,,,,,,,,,,,,,,,,
,,,,,,,,,,,,,,,,,,,,,,,,,,
,,,,,,,,,,,,,,,,,,,,,,,,,,
,,,,,,,,,,,,,,,,,,,,,,,,,,
,,,,,,,,,,,,,,,,,,,,,,,,,,
,,,,,,,,,,,,,,,,,,,,,,,,,,
,,,,,,,,,,,,,,,,,,,,,,,,,,
,,,,,,,,,,,,,,,,,,,,,,,,,,
,,,,,,,,,,,,,,,,,,,,,,,,,,
,,,,,,,,,,,,,,,,,,,,,,,,,,
,,,,,,,,,,,,,,,,,,,,,,,,,,
,,,,,,,,,,,,,,,,,,,,,,,,,,
,,,,,,,,,,,,,,,,,,,,,,,,,,
,,,,,,,,,,,,,,,,,,,,,,,,,,
,,,,,,,,,,,,,,,,,,,,,,,,,,
,,,,,,,,,,,,,,,,,,,,,,,,,,
,,,,,,,,,,,,,,,,,,,,,,,,,,
,,,,,,,,,,,,,,,,,,,,,,,,,,
,,,,,,,,,,,,,,,,,,,,,,,,,,
,,,,,,,,,,,,,,,,,,,,,,,,,,
,,,,,,,,,,,,,,,,,,,,,,,,,,
,,,,,,,,,,,,,,,,,,,,,,,,,,
,,,,,,,,,,,,,,,,,,,,,,,,,,
,,,,,,,,,,,,,,,,,,,,,,,,,,
,,,,,,,,,,,,,,,,,,,,,,,,,,
,,,,,,,,,,,,,,,,,,,,,,,,,,
,,,,,,,,,,,,,,,,,,,,,,,,,,
,,,,,,,,,,,,,,,,,,,,,,,,,,
,,,,,,,,,,,,,,,,,,,,,,,,,,
,,,,,,,,,,,,,,,,,,,,,,,,,,
,,,,,,,,,,,,,,,,,,,,,,,,,,
,,,,,,,,,,,,,,,,,,,,,,,,,,
,,,,,,,,,,,,,,,,,,,,,,,,,,
,,,,,,,,,,,,,,,,,,,,,,,,,,
,,,,,,,,,,,,,,,,,,,,,,,,,,
,,,,,,,,,,,,,,,,,,,,,,,,,,
,,,,,,,,,,,,,,,,,,,,,,,,,,
,,,,,,,,,,,,,,,,,,,,,,,,,,
,,,,,,,,,,,,,,,,,,,,,,,,,,
,,,,,,,,,,,,,,,,,,,,,,,,,,
,,,,,,,,,,,,,,,,,,,,,,,,,,
,,,,,,,,,,,,,,,,,,,,,,,,,,
,,,,,,,,,,,,,,,,,,,,,,,,,,
,,,,,,,,,,,,,,,,,,,,,,,,,,
,,,,,,,,,,,,,,,,,,,,,,,,,,
,,,,,,,,,,,,,,,,,,,,,,,,,,
,,,,,,,,,,,,,,,,,,,,,,,,,,
,,,,,,,,,,,,,,,,,,,,,,,,,,
,,,,,,,,,,,,,,,,,,,,,,,,,,
,,,,,,,,,,,,,,,,,,,,,,,,,,
,,,,,,,,,,,,,,,,,,,,,,,,,,
,,,,,,,,,,,,,,,,,,,,,,,,,,
,,,,,,,,,,,,,,,,,,,,,,,,,,
,,,,,,,,,,,,,,,,,,,,,,,,,,
,,,,,,,,,,,,,,,,,,,,,,,,,,
,,,,,,,,,,,,,,,,,,,,,,,,,,
,,,,,,,,,,,,,,,,,,,,,,,,,,
,,,,,,,,,,,,,,,,,,,,,,,,,,
,,,,,,,,,,,,,,,,,,,,,,,,,,
,,,,,,,,,,,,,,,,,,,,,,,,,,
,,,,,,,,,,,,,,,,,,,,,,,,,,
,,,,,,,,,,,,,,,,,,,,,,,,,,
,,,,,,,,,,,,,,,,,,,,,,,,,,
,,,,,,,,,,,,,,,,,,,,,,,,,,
,,,,,,,,,,,,,,,,,,,,,,,,,,
,,,,,,,,,,,,,,,,,,,,,,,,,,
,,,,,,,,,,,,,,,,,,,,,,,,,,
,,,,,,,,,,,,,,,,,,,,,,,,,,
,,,,,,,,,,,,,,,,,,,,,,,,,,
,,,,,,,,,,,,,,,,,,,,,,,,,,
,,,,,,,,,,,,,,,,,,,,,,,,,,
,,,,,,,,,,,,,,,,,,,,,,,,,,
,,,,,,,,,,,,,,,,,,,,,,,,,,
,,,,,,,,,,,,,,,,,,,,,,,,,,
,,,,,,,,,,,,,,,,,,,,,,,,,,
,,,,,,,,,,,,,,,,,,,,,,,,,,
,,,,,,,,,,,,,,,,,,,,,,,,,,
,,,,,,,,,,,,,,,,,,,,,,,,,,
,,,,,,,,,,,,,,,,,,,,,,,,,,
,,,,,,,,,,,,,,,,,,,,,,,,,,
,,,,,,,,,,,,,,,,,,,,,,,,,,
,,,,,,,,,,,,,,,,,,,,,,,,,,
,,,,,,,,,,,,,,,,,,,,,,,,,,
,,,,,,,,,,,,,,,,,,,,,,,,,,
,,,,,,,,,,,,,,,,,,,,,,,,,,
,,,,,,,,,,,,,,,,,,,,,,,,,,
,,,,,,,,,,,,,,,,,,,,,,,,,,
,,,,,,,,,,,,,,,,,,,,,,,,,,
,,,,,,,,,,,,,,,,,,,,,,,,,,
,,,,,,,,,,,,,,,,,,,,,,,,,,
,,,,,,,,,,,,,,,,,,,,,,,,,,
,,,,,,,,,,,,,,,,,,,,,,,,,,
,,,,,,,,,,,,,,,,,,,,,,,,,,
,,,,,,,,,,,,,,,,,,,,,,,,,,
,,,,,,,,,,,,,,,,,,,,,,,,,,
,,,,,,,,,,,,,,,,,,,,,,,,,,
,,,,,,,,,,,,,,,,,,,,,,,,,,
,,,,,,,,,,,,,,,,,,,,,,,,,,
,,,,,,,,,,,,,,,,,,,,,,,,,,
,,,,,,,,,,,,,,,,,,,,,,,,,,
,,,,,,,,,,,,,,,,,,,,,,,,,,
,,,,,,,,,,,,,,,,,,,,,,,,,,
,,,,,,,,,,,,,,,,,,,,,,,,,,
,,,,,,,,,,,,,,,,,,,,,,,,,,
,,,,,,,,,,,,,,,,,,,,,,,,,,
,,,,,,,,,,,,,,,,,,,,,,,,,,
,,,,,,,,,,,,,,,,,,,,,,,,,,
,,,,,,,,,,,,,,,,,,,,,,,,,,
,,,,,,,,,,,,,,,,,,,,,,,,,,
,,,,,,,,,,,,,,,,,,,,,,,,,,
,,,,,,,,,,,,,,,,,,,,,,,,,,
,,,,,,,,,,,,,,,,,,,,,,,,,,
,,,,,,,,,,,,,,,,,,,,,,,,,,
,,,,,,,,,,,,,,,,,,,,,,,,,,
,,,,,,,,,,,,,,,,,,,,,,,,,,
,,,,,,,,,,,,,,,,,,,,,,,,,,
,,,,,,,,,,,,,,,,,,,,,,,,,,
,,,,,,,,,,,,,,,,,,,,,,,,,,
,,,,,,,,,,,,,,,,,,,,,,,,,,
,,,,,,,,,,,,,,,,,,,,,,,,,,
,,,,,,,,,,,,,,,,,,,,,,,,,,
,,,,,,,,,,,,,,,,,,,,,,,,,,
,,,,,,,,,,,,,,,,,,,,,,,,,,
,,,,,,,,,,,,,,,,,,,,,,,,,,
,,,,,,,,,,,,,,,,,,,,,,,,,,
,,,,,,,,,,,,,,,,,,,,,,,,,,
,,,,,,,,,,,,,,,,,,,,,,,,,,
,,,,,,,,,,,,,,,,,,,,,,,,,,
,,,,,,,,,,,,,,,,,,,,,,,,,,
,,,,,,,,,,,,,,,,,,,,,,,,,,
,,,,,,,,,,,,,,,,,,,,,,,,,,
,,,,,,,,,,,,,,,,,,,,,,,,,,
,,,,,,,,,,,,,,,,,,,,,,,,,,
,,,,,,,,,,,,,,,,,,,,,,,,,,
,,,,,,,,,,,,,,,,,,,,,,,,,,
,,,,,,,,,,,,,,,,,,,,,,,,,,
,,,,,,,,,,,,,,,,,,,,,,,,,,
,,,,,,,,,,,,,,,,,,,,,,,,,,
,,,,,,,,,,,,,,,,,,,,,,,,,,
,,,,,,,,,,,,,,,,,,,,,,,,,,
,,,,,,,,,,,,,,,,,,,,,,,,,,
,,,,,,,,,,,,,,,,,,,,,,,,,,
,,,,,,,,,,,,,,,,,,,,,,,,,,
,,,,,,,,,,,,,,,,,,,,,,,,,,
,,,,,,,,,,,,,,,,,,,,,,,,,,
,,,,,,,,,,,,,,,,,,,,,,,,,,
,,,,,,,,,,,,,,,,,,,,,,,,,,
,,,,,,,,,,,,,,,,,,,,,,,,,,
,,,,,,,,,,,,,,,,,,,,,,,,,,
,,,,,,,,,,,,,,,,,,,,,,,,,,
,,,,,,,,,,,,,,,,,,,,,,,,,,
,,,,,,,,,,,,,,,,,,,,,,,,,,
,,,,,,,,,,,,,,,,,,,,,,,,,,
,,,,,,,,,,,,,,,,,,,,,,,,,,
,,,,,,,,,,,,,,,,,,,,,,,,,,
,,,,,,,,,,,,,,,,,,,,,,,,,,
,,,,,,,,,,,,,,,,,,,,,,,,,,
,,,,,,,,,,,,,,,,,,,,,,,,,,
,,,,,,,,,,,,,,,,,,,,,,,,,,
,,,,,,,,,,,,,,,,,,,,,,,,,,
,,,,,,,,,,,,,,,,,,,,,,,,,,
,,,,,,,,,,,,,,,,,,,,,,,,,,
,,,,,,,,,,,,,,,,,,,,,,,,,,
,,,,,,,,,,,,,,,,,,,,,,,,,,
,,,,,,,,,,,,,,,,,,,,,,,,,,
,,,,,,,,,,,,,,,,,,,,,,,,,,
,,,,,,,,,,,,,,,,,,,,,,,,,,
,,,,,,,,,,,,,,,,,,,,,,,,,,
,,,,,,,,,,,,,,,,,,,,,,,,,,
,,,,,,,,,,,,,,,,,,,,,,,,,,
,,,,,,,,,,,,,,,,,,,,,,,,,,
,,,,,,,,,,,,,,,,,,,,,,,,,,
,,,,,,,,,,,,,,,,,,,,,,,,,,
,,,,,,,,,,,,,,,,,,,,,,,,,,
,,,,,,,,,,,,,,,,,,,,,,,,,,
,,,,,,,,,,,,,,,,,,,,,,,,,,
,,,,,,,,,,,,,,,,,,,,,,,,,,
,,,,,,,,,,,,,,,,,,,,,,,,,,
,,,,,,,,,,,,,,,,,,,,,,,,,,
,,,,,,,,,,,,,,,,,,,,,,,,,,
,,,,,,,,,,,,,,,,,,,,,,,,,,
,,,,,,,,,,,,,,,,,,,,,,,,,,
,,,,,,,,,,,,,,,,,,,,,,,,,,
,,,,,,,,,,,,,,,,,,,,,,,,,,
,,,,,,,,,,,,,,,,,,,,,,,,,,
,,,,,,,,,,,,,,,,,,,,,,,,,,
,,,,,,,,,,,,,,,,,,,,,,,,,,
,,,,,,,,,,,,,,,,,,,,,,,,,,
,,,,,,,,,,,,,,,,,,,,,,,,,,
,,,,,,,,,,,,,,,,,,,,,,,,,,
,,,,,,,,,,,,,,,,,,,,,,,,,,
,,,,,,,,,,,,,,,,,,,,,,,,,,
,,,,,,,,,,,,,,,,,,,,,,,,,,
,,,,,,,,,,,,,,,,,,,,,,,,,,
,,,,,,,,,,,,,,,,,,,,,,,,,,
,,,,,,,,,,,,,,,,,,,,,,,,,,
,,,,,,,,,,,,,,,,,,,,,,,,,,
,,,,,,,,,,,,,,,,,,,,,,,,,,
,,,,,,,,,,,,,,,,,,,,,,,,,,
,,,,,,,,,,,,,,,,,,,,,,,,,,
,,,,,,,,,,,,,,,,,,,,,,,,,,
,,,,,,,,,,,,,,,,,,,,,,,,,,
,,,,,,,,,,,,,,,,,,,,,,,,,,
,,,,,,,,,,,,,,,,,,,,,,,,,,
,,,,,,,,,,,,,,,,,,,,,,,,,,
,,,,,,,,,,,,,,,,,,,,,,,,,,
,,,,,,,,,,,,,,,,,,,,,,,,,,
,,,,,,,,,,,,,,,,,,,,,,,,,,
,,,,,,,,,,,,,,,,,,,,,,,,,,
,,,,,,,,,,,,,,,,,,,,,,,,,,
,,,,,,,,,,,,,,,,,,,,,,,,,,
,,,,,,,,,,,,,,,,,,,,,,,,,,
,,,,,,,,,,,,,,,,,,,,,,,,,,
,,,,,,,,,,,,,,,,,,,,,,,,,,
,,,,,,,,,,,,,,,,,,,,,,,,,,
,,,,,,,,,,,,,,,,,,,,,,,,,,
,,,,,,,,,,,,,,,,,,,,,,,,,,
,,,,,,,,,,,,,,,,,,,,,,,,,,
,,,,,,,,,,,,,,,,,,,,,,,,,,
,,,,,,,,,,,,,,,,,,,,,,,,,,
,,,,,,,,,,,,,,,,,,,,,,,,,,
,,,,,,,,,,,,,,,,,,,,,,,,,,
,,,,,,,,,,,,,,,,,,,,,,,,,,
,,,,,,,,,,,,,,,,,,,,,,,,,,
,,,,,,,,,,,,,,,,,,,,,,,,,,
,,,,,,,,,,,,,,,,,,,,,,,,,,
,,,,,,,,,,,,,,,,,,,,,,,,,,
,,,,,,,,,,,,,,,,,,,,,,,,,,
,,,,,,,,,,,,,,,,,,,,,,,,,,
,,,,,,,,,,,,,,,,,,,,,,,,,,
,,,,,,,,,,,,,,,,,,,,,,,,,,
,,,,,,,,,,,,,,,,,,,,,,,,,,
,,,,,,,,,,,,,,,,,,,,,,,,,,
,,,,,,,,,,,,,,,,,,,,,,,,,,
,,,,,,,,,,,,,,,,,,,,,,,,,,
,,,,,,,,,,,,,,,,,,,,,,,,,,
,,,,,,,,,,,,,,,,,,,,,,,,,,
,,,,,,,,,,,,,,,,,,,,,,,,,,
,,,,,,,,,,,,,,,,,,,,,,,,,,
,,,,,,,,,,,,,,,,,,,,,,,,,,
,,,,,,,,,,,,,,,,,,,,,,,,,,
,,,,,,,,,,,,,,,,,,,,,,,,,,
,,,,,,,,,,,,,,,,,,,,,,,,,,
,,,,,,,,,,,,,,,,,,,,,,,,,,
,,,,,,,,,,,,,,,,,,,,,,,,,,
,,,,,,,,,,,,,,,,,,,,,,,,,,
,,,,,,,,,,,,,,,,,,,,,,,,,,
,,,,,,,,,,,,,,,,,,,,,,,,,,
,,,,,,,,,,,,,,,,,,,,,,,,,,
,,,,,,,,,,,,,,,,,,,,,,,,,,
,,,,,,,,,,,,,,,,,,,,,,,,,,
,,,,,,,,,,,,,,,,,,,,,,,,,,
,,,,,,,,,,,,,,,,,,,,,,,,,,
,,,,,,,,,,,,,,,,,,,,,,,,,,
,,,,,,,,,,,,,,,,,,,,,,,,,,
,,,,,,,,,,,,,,,,,,,,,,,,,,
,,,,,,,,,,,,,,,,,,,,,,,,,,
,,,,,,,,,,,,,,,,,,,,,,,,,,
,,,,,,,,,,,,,,,,,,,,,,,,,,
,,,,,,,,,,,,,,,,,,,,,,,,,,
,,,,,,,,,,,,,,,,,,,,,,,,,,
,,,,,,,,,,,,,,,,,,,,,,,,,,
,,,,,,,,,,,,,,,,,,,,,,,,,,
,,,,,,,,,,,,,,,,,,,,,,,,,,
,,,,,,,,,,,,,,,,,,,,,,,,,,
,,,,,,,,,,,,,,,,,,,,,,,,,,
,,,,,,,,,,,,,,,,,,,,,,,,,,
,,,,,,,,,,,,,,,,,,,,,,,,,,
,,,,,,,,,,,,,,,,,,,,,,,,,,
,,,,,,,,,,,,,,,,,,,,,,,,,,
,,,,,,,,,,,,,,,,,,,,,,,,,,
,,,,,,,,,,,,,,,,,,,,,,,,,,
,,,,,,,,,,,,,,,,,,,,,,,,,,
,,,,,,,,,,,,,,,,,,,,,,,,,,
,,,,,,,,,,,,,,,,,,,,,,,,,,
,,,,,,,,,,,,,,,,,,,,,,,,,,
,,,,,,,,,,,,,,,,,,,,,,,,,,
,,,,,,,,,,,,,,,,,,,,,,,,,,
,,,,,,,,,,,,,,,,,,,,,,,,,,
,,,,,,,,,,,,,,,,,,,,,,,,,,
,,,,,,,,,,,,,,,,,,,,,,,,,,
,,,,,,,,,,,,,,,,,,,,,,,,,,
,,,,,,,,,,,,,,,,,,,,,,,,,,
,,,,,,,,,,,,,,,,,,,,,,,,,,
,,,,,,,,,,,,,,,,,,,,,,,,,,
,,,,,,,,,,,,,,,,,,,,,,,,,,
,,,,,,,,,,,,,,,,,,,,,,,,,,
,,,,,,,,,,,,,,,,,,,,,,,,,,
,,,,,,,,,,,,,,,,,,,,,,,,,,
,,,,,,,,,,,,,,,,,,,,,,,,,,
,,,,,,,,,,,,,,,,,,,,,,,,,,
,,,,,,,,,,,,,,,,,,,,,,,,,,
,,,,,,,,,,,,,,,,,,,,,,,,,,
,,,,,,,,,,,,,,,,,,,,,,,,,,
,,,,,,,,,,,,,,,,,,,,,,,,,,
,,,,,,,,,,,,,,,,,,,,,,,,,,
,,,,,,,,,,,,,,,,,,,,,,,,,,
,,,,,,,,,,,,,,,,,,,,,,,,,,
,,,,,,,,,,,,,,,,,,,,,,,,,,
,,,,,,,,,,,,,,,,,,,,,,,,,,
,,,,,,,,,,,,,,,,,,,,,,,,,,
,,,,,,,,,,,,,,,,,,,,,,,,,,
,,,,,,,,,,,,,,,,,,,,,,,,,,
,,,,,,,,,,,,,,,,,,,,,,,,,,
,,,,,,,,,,,,,,,,,,,,,,,,,,
,,,,,,,,,,,,,,,,,,,,,,,,,,
,,,,,,,,,,,,,,,,,,,,,,,,,,
,,,,,,,,,,,,,,,,,,,,,,,,,,
,,,,,,,,,,,,,,,,,,,,,,,,,,
,,,,,,,,,,,,,,,,,,,,,,,,,,
,,,,,,,,,,,,,,,,,,,,,,,,,,
,,,,,,,,,,,,,,,,,,,,,,,,,,
,,,,,,,,,,,,,,,,,,,,,,,,,,
,,,,,,,,,,,,,,,,,,,,,,,,,,
,,,,,,,,,,,,,,,,,,,,,,,,,,
,,,,,,,,,,,,,,,,,,,,,,,,,,
,,,,,,,,,,,,,,,,,,,,,,,,,,
,,,,,,,,,,,,,,,,,,,,,,,,,,
,,,,,,,,,,,,,,,,,,,,,,,,,,
,,,,,,,,,,,,,,,,,,,,,,,,,,
,,,,,,,,,,,,,,,,,,,,,,,,,,
,,,,,,,,,,,,,,,,,,,,,,,,,,
,,,,,,,,,,,,,,,,,,,,,,,,,,
,,,,,,,,,,,,,,,,,,,,,,,,,,
,,,,,,,,,,,,,,,,,,,,,,,,,,
,,,,,,,,,,,,,,,,,,,,,,,,,,
,,,,,,,,,,,,,,,,,,,,,,,,,,
,,,,,,,,,,,,,,,,,,,,,,,,,,
,,,,,,,,,,,,,,,,,,,,,,,,,,
,,,,,,,,,,,,,,,,,,,,,,,,,,
,,,,,,,,,,,,,,,,,,,,,,,,,,
,,,,,,,,,,,,,,,,,,,,,,,,,,
,,,,,,,,,,,,,,,,,,,,,,,,,,
,,,,,,,,,,,,,,,,,,,,,,,,,,
,,,,,,,,,,,,,,,,,,,,,,,,,,
,,,,,,,,,,,,,,,,,,,,,,,,,,
,,,,,,,,,,,,,,,,,,,,,,,,,,
,,,,,,,,,,,,,,,,,,,,,,,,,,
,,,,,,,,,,,,,,,,,,,,,,,,,,
,,,,,,,,,,,,,,,,,,,,,,,,,,
,,,,,,,,,,,,,,,,,,,,,,,,,,
,,,,,,,,,,,,,,,,,,,,,,,,,,
,,,,,,,,,,,,,,,,,,,,,,,,,,
,,,,,,,,,,,,,,,,,,,,,,,,,,
,,,,,,,,,,,,,,,,,,,,,,,,,,
,,,,,,,,,,,,,,,,,,,,,,,,,,
,,,,,,,,,,,,,,,,,,,,,,,,,,
,,,,,,,,,,,,,,,,,,,,,,,,,,
,,,,,,,,,,,,,,,,,,,,,,,,,,
,,,,,,,,,,,,,,,,,,,,,,,,,,
,,,,,,,,,,,,,,,,,,,,,,,,,,
,,,,,,,,,,,,,,,,,,,,,,,,,,
,,,,,,,,,,,,,,,,,,,,,,,,,,
,,,,,,,,,,,,,,,,,,,,,,,,,,
,,,,,,,,,,,,,,,,,,,,,,,,,,
,,,,,,,,,,,,,,,,,,,,,,,,,,
,,,,,,,,,,,,,,,,,,,,,,,,,,
,,,,,,,,,,,,,,,,,,,,,,,,,,
,,,,,,,,,,,,,,,,,,,,,,,,,,
,,,,,,,,,,,,,,,,,,,,,,,,,,
,,,,,,,,,,,,,,,,,,,,,,,,,,
,,,,,,,,,,,,,,,,,,,,,,,,,,
,,,,,,,,,,,,,,,,,,,,,,,,,,
,,,,,,,,,,,,,,,,,,,,,,,,,,
,,,,,,,,,,,,,,,,,,,,,,,,,,
,,,,,,,,,,,,,,,,,,,,,,,,,,
,,,,,,,,,,,,,,,,,,,,,,,,,,
,,,,,,,,,,,,,,,,,,,,,,,,,,
,,,,,,,,,,,,,,,,,,,,,,,,,,
,,,,,,,,,,,,,,,,,,,,,,,,,,
,,,,,,,,,,,,,,,,,,,,,,,,,,
,,,,,,,,,,,,,,,,,,,,,,,,,,
,,,,,,,,,,,,,,,,,,,,,,,,,,
,,,,,,,,,,,,,,,,,,,,,,,,,,
,,,,,,,,,,,,,,,,,,,,,,,,,,
,,,,,,,,,,,,,,,,,,,,,,,,,,
,,,,,,,,,,,,,,,,,,,,,,,,,,
,,,,,,,,,,,,,,,,,,,,,,,,,,
,,,,,,,,,,,,,,,,,,,,,,,,,,
,,,,,,,,,,,,,,,,,,,,,,,,,,
,,,,,,,,,,,,,,,,,,,,,,,,,,
,,,,,,,,,,,,,,,,,,,,,,,,,,
,,,,,,,,,,,,,,,,,,,,,,,,,,
,,,,,,,,,,,,,,,,,,,,,,,,,,
,,,,,,,,,,,,,,,,,,,,,,,,,,
,,,,,,,,,,,,,,,,,,,,,,,,,,
,,,,,,,,,,,,,,,,,,,,,,,,,,
,,,,,,,,,,,,,,,,,,,,,,,,,,
,,,,,,,,,,,,,,,,,,,,,,,,,,
,,,,,,,,,,,,,,,,,,,,,,,,,,
,,,,,,,,,,,,,,,,,,,,,,,,,,
,,,,,,,,,,,,,,,,,,,,,,,,,,
,,,,,,,,,,,,,,,,,,,,,,,,,,
,,,,,,,,,,,,,,,,,,,,,,,,,,
,,,,,,,,,,,,,,,,,,,,,,,,,,
,,,,,,,,,,,,,,,,,,,,,,,,,,
,,,,,,,,,,,,,,,,,,,,,,,,,,
,,,,,,,,,,,,,,,,,,,,,,,,,,
,,,,,,,,,,,,,,,,,,,,,,,,,,
,,,,,,,,,,,,,,,,,,,,,,,,,,
,,,,,,,,,,,,,,,,,,,,,,,,,,
,,,,,,,,,,,,,,,,,,,,,,,,,,
,,,,,,,,,,,,,,,,,,,,,,,,,,
,,,,,,,,,,,,,,,,,,,,,,,,,,
,,,,,,,,,,,,,,,,,,,,,,,,,,
,,,,,,,,,,,,,,,,,,,,,,,,,,
,,,,,,,,,,,,,,,,,,,,,,,,,,
,,,,,,,,,,,,,,,,,,,,,,,,,,
,,,,,,,,,,,,,,,,,,,,,,,,,,
,,,,,,,,,,,,,,,,,,,,,,,,,,
,,,,,,,,,,,,,,,,,,,,,,,,,,
,,,,,,,,,,,,,,,,,,,,,,,,,,
,,,,,,,,,,,,,,,,,,,,,,,,,,
,,,,,,,,,,,,,,,,,,,,,,,,,,
,,,,,,,,,,,,,,,,,,,,,,,,,,
,,,,,,,,,,,,,,,,,,,,,,,,,,
,,,,,,,,,,,,,,,,,,,,,,,,,,
,,,,,,,,,,,,,,,,,,,,,,,,,,
,,,,,,,,,,,,,,,,,,,,,,,,,,
,,,,,,,,,,,,,,,,,,,,,,,,,,
,,,,,,,,,,,,,,,,,,,,,,,,,,
,,,,,,,,,,,,,,,,,,,,,,,,,,
,,,,,,,,,,,,,,,,,,,,,,,,,,
,,,,,,,,,,,,,,,,,,,,,,,,,,
,,,,,,,,,,,,,,,,,,,,,,,,,,
,,,,,,,,,,,,,,,,,,,,,,,,,,
,,,,,,,,,,,,,,,,,,,,,,,,,,
,,,,,,,,,,,,,,,,,,,,,,,,,,
,,,,,,,,,,,,,,,,,,,,,,,,,,
,,,,,,,,,,,,,,,,,,,,,,,,,,
,,,,,,,,,,,,,,,,,,,,,,,,,,
,,,,,,,,,,,,,,,,,,,,,,,,,,
,,,,,,,,,,,,,,,,,,,,,,,,,,
,,,,,,,,,,,,,,,,,,,,,,,,,,
,,,,,,,,,,,,,,,,,,,,,,,,,,
,,,,,,,,,,,,,,,,,,,,,,,,,,
,,,,,,,,,,,,,,,,,,,,,,,,,,
,,,,,,,,,,,,,,,,,,,,,,,,,,
,,,,,,,,,,,,,,,,,,,,,,,,,,
,,,,,,,,,,,,,,,,,,,,,,,,,,
,,,,,,,,,,,,,,,,,,,,,,,,,,
,,,,,,,,,,,,,,,,,,,,,,,,,,
,,,,,,,,,,,,,,,,,,,,,,,,,,
,,,,,,,,,,,,,,,,,,,,,,,,,,
,,,,,,,,,,,,,,,,,,,,,,,,,,
,,,,,,,,,,,,,,,,,,,,,,,,,,
,,,,,,,,,,,,,,,,,,,,,,,,,,
,,,,,,,,,,,,,,,,,,,,,,,,,,
,,,,,,,,,,,,,,,,,,,,,,,,,,
,,,,,,,,,,,,,,,,,,,,,,,,,,
,,,,,,,,,,,,,,,,,,,,,,,,,,
,,,,,,,,,,,,,,,,,,,,,,,,,,
,,,,,,,,,,,,,,,,,,,,,,,,,,
,,,,,,,,,,,,,,,,,,,,,,,,,,
,,,,,,,,,,,,,,,,,,,,,,,,,,
,,,,,,,,,,,,,,,,,,,,,,,,,,
,,,,,,,,,,,,,,,,,,,,,,,,,,
,,,,,,,,,,,,,,,,,,,,,,,,,,
,,,,,,,,,,,,,,,,,,,,,,,,,,
,,,,,,,,,,,,,,,,,,,,,,,,,,
,,,,,,,,,,,,,,,,,,,,,,,,,,
,,,,,,,,,,,,,,,,,,,,,,,,,,
,,,,,,,,,,,,,,,,,,,,,,,,,,
,,,,,,,,,,,,,,,,,,,,,,,,,,
,,,,,,,,,,,,,,,,,,,,,,,,,,
,,,,,,,,,,,,,,,,,,,,,,,,,,
,,,,,,,,,,,,,,,,,,,,,,,,,,
,,,,,,,,,,,,,,,,,,,,,,,,,,
,,,,,,,,,,,,,,,,,,,,,,,,,,
,,,,,,,,,,,,,,,,,,,,,,,,,,
,,,,,,,,,,,,,,,,,,,,,,,,,,
,,,,,,,,,,,,,,,,,,,,,,,,,,
,,,,,,,,,,,,,,,,,,,,,,,,,,
,,,,,,,,,,,,,,,,,,,,,,,,,,
,,,,,,,,,,,,,,,,,,,,,,,,,,
,,,,,,,,,,,,,,,,,,,,,,,,,,
,,,,,,,,,,,,,,,,,,,,,,,,,,
,,,,,,,,,,,,,,,,,,,,,,,,,,
,,,,,,,,,,,,,,,,,,,,,,,,,,
,,,,,,,,,,,,,,,,,,,,,,,,,,
,,,,,,,,,,,,,,,,,,,,,,,,,,
,,,,,,,,,,,,,,,,,,,,,,,,,,
,,,,,,,,,,,,,,,,,,,,,,,,,,
,,,,,,,,,,,,,,,,,,,,,,,,,,
,,,,,,,,,,,,,,,,,,,,,,,,,,
,,,,,,,,,,,,,,,,,,,,,,,,,,
,,,,,,,,,,,,,,,,,,,,,,,,,,
,,,,,,,,,,,,,,,,,,,,,,,,,,
,,,,,,,,,,,,,,,,,,,,,,,,,,
,,,,,,,,,,,,,,,,,,,,,,,,,,
,,,,,,,,,,,,,,,,,,,,,,,,,,
,,,,,,,,,,,,,,,,,,,,,,,,,,
,,,,,,,,,,,,,,,,,,,,,,,,,,
,,,,,,,,,,,,,,,,,,,,,,,,,,
,,,,,,,,,,,,,,,,,,,,,,,,,,
,,,,,,,,,,,,,,,,,,,,,,,,,,
,,,,,,,,,,,,,,,,,,,,,,,,,,
,,,,,,,,,,,,,,,,,,,,,,,,,,
,,,,,,,,,,,,,,,,,,,,,,,,,,
,,,,,,,,,,,,,,,,,,,,,,,,,,
,,,,,,,,,,,,,,,,,,,,,,,,,,
,,,,,,,,,,,,,,,,,,,,,,,,,,
,,,,,,,,,,,,,,,,,,,,,,,,,,
,,,,,,,,,,,,,,,,,,,,,,,,,,
,,,,,,,,,,,,,,,,,,,,,,,,,,
,,,,,,,,,,,,,,,,,,,,,,,,,,
,,,,,,,,,,,,,,,,,,,,,,,,,,
,,,,,,,,,,,,,,,,,,,,,,,,,,
,,,,,,,,,,,,,,,,,,,,,,,,,,
,,,,,,,,,,,,,,,,,,,,,,,,,,
,,,,,,,,,,,,,,,,,,,,,,,,,,
,,,,,,,,,,,,,,,,,,,,,,,,,,
,,,,,,,,,,,,,,,,,,,,,,,,,,
,,,,,,,,,,,,,,,,,,,,,,,,,,
,,,,,,,,,,,,,,,,,,,,,,,,,,
,,,,,,,,,,,,,,,,,,,,,,,,,,
,,,,,,,,,,,,,,,,,,,,,,,,,,
,,,,,,,,,,,,,,,,,,,,,,,,,,
,,,,,,,,,,,,,,,,,,,,,,,,,,
,,,,,,,,,,,,,,,,,,,,,,,,,,
,,,,,,,,,,,,,,,,,,,,,,,,,,
,,,,,,,,,,,,,,,,,,,,,,,,,,
,,,,,,,,,,,,,,,,,,,,,,,,,,
,,,,,,,,,,,,,,,,,,,,,,,,,,
,,,,,,,,,,,,,,,,,,,,,,,,,,
,,,,,,,,,,,,,,,,,,,,,,,,,,
,,,,,,,,,,,,,,,,,,,,,,,,,,
,,,,,,,,,,,,,,,,,,,,,,,,,,
,,,,,,,,,,,,,,,,,,,,,,,,,,
,,,,,,,,,,,,,,,,,,,,,,,,,,
,,,,,,,,,,,,,,,,,,,,,,,,,,
,,,,,,,,,,,,,,,,,,,,,,,,,,
,,,,,,,,,,,,,,,,,,,,,,,,,,
,,,,,,,,,,,,,,,,,,,,,,,,,,
,,,,,,,,,,,,,,,,,,,,,,,,,,
,,,,,,,,,,,,,,,,,,,,,,,,,,
,,,,,,,,,,,,,,,,,,,,,,,,,,
,,,,,,,,,,,,,,,,,,,,,,,,,,
,,,,,,,,,,,,,,,,,,,,,,,,,,
,,,,,,,,,,,,,,,,,,,,,,,,,,
,,,,,,,,,,,,,,,,,,,,,,,,,,
,,,,,,,,,,,,,,,,,,,,,,,,,,
,,,,,,,,,,,,,,,,,,,,,,,,,,
,,,,,,,,,,,,,,,,,,,,,,,,,,
,,,,,,,,,,,,,,,,,,,,,,,,,,
,,,,,,,,,,,,,,,,,,,,,,,,,,
,,,,,,,,,,,,,,,,,,,,,,,,,,
,,,,,,,,,,,,,,,,,,,,,,,,,,
,,,,,,,,,,,,,,,,,,,,,,,,,,
,,,,,,,,,,,,,,,,,,,,,,,,,,
,,,,,,,,,,,,,,,,,,,,,,,,,,
,,,,,,,,,,,,,,,,,,,,,,,,,,
,,,,,,,,,,,,,,,,,,,,,,,,,,
,,,,,,,,,,,,,,,,,,,,,,,,,,
,,,,,,,,,,,,,,,,,,,,,,,,,,
,,,,,,,,,,,,,,,,,,,,,,,,,,
,,,,,,,,,,,,,,,,,,,,,,,,,,
,,,,,,,,,,,,,,,,,,,,,,,,,,
,,,,,,,,,,,,,,,,,,,,,,,,,,
,,,,,,,,,,,,,,,,,,,,,,,,,,
,,,,,,,,,,,,,,,,,,,,,,,,,,
,,,,,,,,,,,,,,,,,,,,,,,,,,
,,,,,,,,,,,,,,,,,,,,,,,,,,
,,,,,,,,,,,,,,,,,,,,,,,,,,
,,,,,,,,,,,,,,,,,,,,,,,,,,
,,,,,,,,,,,,,,,,,,,,,,,,,,
,,,,,,,,,,,,,,,,,,,,,,,,,,
,,,,,,,,,,,,,,,,,,,,,,,,,,
,,,,,,,,,,,,,,,,,,,,,,,,,,
,,,,,,,,,,,,,,,,,,,,,,,,,,
,,,,,,,,,,,,,,,,,,,,,,,,,,
,,,,,,,,,,,,,,,,,,,,,,,,,,
,,,,,,,,,,,,,,,,,,,,,,,,,,
,,,,,,,,,,,,,,,,,,,,,,,,,,
,,,,,,,,,,,,,,,,,,,,,,,,,,
,,,,,,,,,,,,,,,,,,,,,,,,,,
,,,,,,,,,,,,,,,,,,,,,,,,,,
,,,,,,,,,,,,,,,,,,,,,,,,,,
,,,,,,,,,,,,,,,,,,,,,,,,,,
,,,,,,,,,,,,,,,,,,,,,,,,,,
,,,,,,,,,,,,,,,,,,,,,,,,,,
,,,,,,,,,,,,,,,,,,,,,,,,,,
,,,,,,,,,,,,,,,,,,,,,,,,,,
,,,,,,,,,,,,,,,,,,,,,,,,,,
,,,,,,,,,,,,,,,,,,,,,,,,,,
,,,,,,,,,,,,,,,,,,,,,,,,,,
,,,,,,,,,,,,,,,,,,,,,,,,,,
,,,,,,,,,,,,,,,,,,,,,,,,,,
,,,,,,,,,,,,,,,,,,,,,,,,,,
,,,,,,,,,,,,,,,,,,,,,,,,,,
,,,,,,,,,,,,,,,,,,,,,,,,,,
,,,,,,,,,,,,,,,,,,,,,,,,,,
,,,,,,,,,,,,,,,,,,,,,,,,,,
,,,,,,,,,,,,,,,,,,,,,,,,,,
,,,,,,,,,,,,,,,,,,,,,,,,,,
,,,,,,,,,,,,,,,,,,,,,,,,,,
,,,,,,,,,,,,,,,,,,,,,,,,,,
,,,,,,,,,,,,,,,,,,,,,,,,,,
,,,,,,,,,,,,,,,,,,,,,,,,,,
,,,,,,,,,,,,,,,,,,,,,,,,,,
,,,,,,,,,,,,,,,,,,,,,,,,,,
,,,,,,,,,,,,,,,,,,,,,,,,,,
,,,,,,,,,,,,,,,,,,,,,,,,,,
,,,,,,,,,,,,,,,,,,,,,,,,,,
,,,,,,,,,,,,,,,,,,,,,,,,,,
,,,,,,,,,,,,,,,,,,,,,,,,,,
,,,,,,,,,,,,,,,,,,,,,,,,,,
,,,,,,,,,,,,,,,,,,,,,,,,,,
,,,,,,,,,,,,,,,,,,,,,,,,,,
,,,,,,,,,,,,,,,,,,,,,,,,,,
,,,,,,,,,,,,,,,,,,,,,,,,,,
,,,,,,,,,,,,,,,,,,,,,,,,,,
,,,,,,,,,,,,,,,,,,,,,,,,,,
,,,,,,,,,,,,,,,,,,,,,,,,,,
,,,,,,,,,,,,,,,,,,,,,,,,,,
,,,,,,,,,,,,,,,,,,,,,,,,,,
,,,,,,,,,,,,,,,,,,,,,,,,,,
,,,,,,,,,,,,,,,,,,,,,,,,,,
,,,,,,,,,,,,,,,,,,,,,,,,,,
,,,,,,,,,,,,,,,,,,,,,,,,,,
,,,,,,,,,,,,,,,,,,,,,,,,,,
,,,,,,,,,,,,,,,,,,,,,,,,,,
,,,,,,,,,,,,,,,,,,,,,,,,,,
,,,,,,,,,,,,,,,,,,,,,,,,,,
,,,,,,,,,,,,,,,,,,,,,,,,,,
,,,,,,,,,,,,,,,,,,,,,,,,,,
,,,,,,,,,,,,,,,,,,,,,,,,,,
,,,,,,,,,,,,,,,,,,,,,,,,,,
,,,,,,,,,,,,,,,,,,,,,,,,,,
,,,,,,,,,,,,,,,,,,,,,,,,,,
,,,,,,,,,,,,,,,,,,,,,,,,,,
,,,,,,,,,,,,,,,,,,,,,,,,,,
,,,,,,,,,,,,,,,,,,,,,,,,,,
,,,,,,,,,,,,,,,,,,,,,,,,,,
,,,,,,,,,,,,,,,,,,,,,,,,,,
,,,,,,,,,,,,,,,,,,,,,,,,,,
,,,,,,,,,,,,,,,,,,,,,,,,,,
,,,,,,,,,,,,,,,,,,,,,,,,,,
,,,,,,,,,,,,,,,,,,,,,,,,,,
,,,,,,,,,,,,,,,,,,,,,,,,,,
,,,,,,,,,,,,,,,,,,,,,,,,,,
,,,,,,,,,,,,,,,,,,,,,,,,,,
,,,,,,,,,,,,,,,,,,,,,,,,,,
,,,,,,,,,,,,,,,,,,,,,,,,,,
,,,,,,,,,,,,,,,,,,,,,,,,,,
,,,,,,,,,,,,,,,,,,,,,,,,,,
,,,,,,,,,,,,,,,,,,,,,,,,,,
,,,,,,,,,,,,,,,,,,,,,,,,,,
,,,,,,,,,,,,,,,,,,,,,,,,,,
,,,,,,,,,,,,,,,,,,,,,,,,,,
,,,,,,,,,,,,,,,,,,,,,,,,,,
,,,,,,,,,,,,,,,,,,,,,,,,,,
,,,,,,,,,,,,,,,,,,,,,,,,,,
,,,,,,,,,,,,,,,,,,,,,,,,,,
,,,,,,,,,,,,,,,,,,,,,,,,,,
,,,,,,,,,,,,,,,,,,,,,,,,,,
,,,,,,,,,,,,,,,,,,,,,,,,,,
,,,,,,,,,,,,,,,,,,,,,,,,,,
,,,,,,,,,,,,,,,,,,,,,,,,,,
,,,,,,,,,,,,,,,,,,,,,,,,,,
,,,,,,,,,,,,,,,,,,,,,,,,,,
,,,,,,,,,,,,,,,,,,,,,,,,,,
,,,,,,,,,,,,,,,,,,,,,,,,,,
,,,,,,,,,,,,,,,,,,,,,,,,,,
,,,,,,,,,,,,,,,,,,,,,,,,,,
,,,,,,,,,,,,,,,,,,,,,,,,,,
,,,,,,,,,,,,,,,,,,,,,,,,,,
,,,,,,,,,,,,,,,,,,,,,,,,,,
,,,,,,,,,,,,,,,,,,,,,,,,,,
,,,,,,,,,,,,,,,,,,,,,,,,,,
,,,,,,,,,,,,,,,,,,,,,,,,,,
,,,,,,,,,,,,,,,,,,,,,,,,,,
,,,,,,,,,,,,,,,,,,,,,,,,,,
,,,,,,,,,,,,,,,,,,,,,,,,,,
,,,,,,,,,,,,,,,,,,,,,,,,,,
,,,,,,,,,,,,,,,,,,,,,,,,,,
,,,,,,,,,,,,,,,,,,,,,,,,,,
,,,,,,,,,,,,,,,,,,,,,,,,,,
,,,,,,,,,,,,,,,,,,,,,,,,,,
,,,,,,,,,,,,,,,,,,,,,,,,,,
,,,,,,,,,,,,,,,,,,,,,,,,,,
,,,,,,,,,,,,,,,,,,,,,,,,,,
,,,,,,,,,,,,,,,,,,,,,,,,,,
,,,,,,,,,,,,,,,,,,,,,,,,,,
,,,,,,,,,,,,,,,,,,,,,,,,,,
,,,,,,,,,,,,,,,,,,,,,,,,,,
,,,,,,,,,,,,,,,,,,,,,,,,,,
,,,,,,,,,,,,,,,,,,,,,,,,,,
,,,,,,,,,,,,,,,,,,,,,,,,,,
,,,,,,,,,,,,,,,,,,,,,,,,,,
,,,,,,,,,,,,,,,,,,,,,,,,,,
,,,,,,,,,,,,,,,,,,,,,,,,,,
,,,,,,,,,,,,,,,,,,,,,,,,,,
,,,,,,,,,,,,,,,,,,,,,,,,,,
,,,,,,,,,,,,,,,,,,,,,,,,,,
,,,,,,,,,,,,,,,,,,,,,,,,,,
,,,,,,,,,,,,,,,,,,,,,,,,,,
,,,,,,,,,,,,,,,,,,,,,,,,,,
,,,,,,,,,,,,,,,,,,,,,,,,,,
,,,,,,,,,,,,,,,,,,,,,,,,,,
,,,,,,,,,,,,,,,,,,,,,,,,,,
,,,,,,,,,,,,,,,,,,,,,,,,,,
,,,,,,,,,,,,,,,,,,,,,,,,,,
,,,,,,,,,,,,,,,,,,,,,,,,,,
,,,,,,,,,,,,,,,,,,,,,,,,,,
,,,,,,,,,,,,,,,,,,,,,,,,,,
,,,,,,,,,,,,,,,,,,,,,,,,,,
,,,,,,,,,,,,,,,,,,,,,,,,,,
,,,,,,,,,,,,,,,,,,,,,,,,,,
,,,,,,,,,,,,,,,,,,,,,,,,,,
,,,,,,,,,,,,,,,,,,,,,,,,,,
,,,,,,,,,,,,,,,,,,,,,,,,,,
,,,,,,,,,,,,,,,,,,,,,,,,,,
,,,,,,,,,,,,,,,,,,,,,,,,,,
,,,,,,,,,,,,,,,,,,,,,,,,,,
,,,,,,,,,,,,,,,,,,,,,,,,,,
,,,,,,,,,,,,,,,,,,,,,,,,,,
,,,,,,,,,,,,,,,,,,,,,,,,,,
,,,,,,,,,,,,,,,,,,,,,,,,,,
,,,,,,,,,,,,,,,,,,,,,,,,,,
,,,,,,,,,,,,,,,,,,,,,,,,,,
,,,,,,,,,,,,,,,,,,,,,,,,,,
,,,,,,,,,,,,,,,,,,,,,,,,,,
,,,,,,,,,,,,,,,,,,,,,,,,,,
,,,,,,,,,,,,,,,,,,,,,,,,,,
,,,,,,,,,,,,,,,,,,,,,,,,,,
,,,,,,,,,,,,,,,,,,,,,,,,,,
,,,,,,,,,,,,,,,,,,,,,,,,,,
,,,,,,,,,,,,,,,,,,,,,,,,,,
,,,,,,,,,,,,,,,,,,,,,,,,,,
,,,,,,,,,,,,,,,,,,,,,,,,,,
,,,,,,,,,,,,,,,,,,,,,,,,,,
,,,,,,,,,,,,,,,,,,,,,,,,,,
,,,,,,,,,,,,,,,,,,,,,,,,,,
,,,,,,,,,,,,,,,,,,,,,,,,,,
,,,,,,,,,,,,,,,,,,,,,,,,,,
,,,,,,,,,,,,,,,,,,,,,,,,,,
,,,,,,,,,,,,,-,,,,,,,,,,,,,